Player,Team,G,Att,Yard,TD,Target,Rec,Yard,TD,FPts,FPts/G,Week
Josh Jacobs,LV,1,25,93,3,6,4,46,0,31.9,31.9,1
Christian McCaffrey,CAR,1,23,96,2,4,3,38,0,25.4,25.4,1
Ezekiel Elliott,DAL,1,22,96,1,4,3,31,1,24.7,24.7,1
Malcolm Brown,LAR,1,18,79,2,4,3,31,0,23.0,23.0,1
Raheem Mostert,SF,1,15,56,0,5,4,95,1,21.1,21.1,1
Clyde Edwards-Helaire,KC,1,25,138,1,2,0,0,0,19.8,19.8,1
Nyheim Hines,IND,1,7,28,1,8,8,45,1,19.3,19.3,1
Alvin Kamara,NO,1,12,16,1,8,5,51,1,18.7,18.7,1
Chris Carson,SEA,1,6,21,0,6,6,45,2,18.6,18.6,1
David Johnson,HOU,1,11,77,1,4,3,32,0,16.9,16.9,1
Dalvin Cook,MIN,1,12,50,2,2,1,-2,0,16.8,16.8,1
Peyton Barber,WAS,1,17,29,2,0,0,0,0,14.9,14.9,1
Melvin Gordon,DEN,1,15,78,1,3,3,8,0,14.6,14.6,1
J.K. Dobbins,BAL,1,7,22,2,0,0,0,0,14.2,14.2,1
Aaron Jones,GB,1,16,66,1,6,4,10,0,13.6,13.6,1
Derrick Henry,TEN,1,31,116,0,3,3,15,0,13.1,13.1,1
Kenyan Drake,ARI,1,16,60,1,2,2,5,0,12.5,12.5,1
Joshua Kelley,LAC,1,12,60,1,0,0,0,0,12.0,12.0,1
Todd Gurley,ATL,1,14,56,1,5,2,1,0,11.7,11.7,1
Adrian Peterson,DET,1,14,93,0,3,3,21,0,11.4,11.4,1
Benny Snell,PIT,1,19,113,0,1,0,0,0,11.3,11.3,1
Chase Edmonds,ARI,1,6,26,0,5,3,19,1,10.5,10.5,1
Jerick McKinnon,SF,1,3,24,0,5,3,20,1,10.4,10.4,1
Sony Michel,NE,1,10,37,1,0,0,0,0,9.7,9.7,1
James Robinson,JAC,1,16,62,0,1,1,28,0,9.0,9.0,1
Jonathan Taylor,IND,1,9,22,0,6,6,67,0,8.9,8.9,1
Austin Ekeler,LAC,1,19,84,0,1,1,3,0,8.7,8.7,1
Zack Moss,BUF,1,9,11,0,4,3,16,1,8.7,8.7,1
Carlos Hyde,SEA,1,7,23,1,0,0,0,0,8.3,8.3,1
D'Andre Swift,DET,1,3,8,1,5,3,15,0,8.3,8.3,1
Josh Adams,NYJ,1,2,8,1,2,2,14,0,8.2,8.2,1
Ronald Jones,TB,1,17,66,0,3,2,16,0,8.2,8.2,1
Kareem Hunt,CLE,1,13,72,0,6,4,9,0,8.1,8.1,1
Alexander Mattison,MIN,1,6,50,0,4,4,30,0,8.0,8.0,1
David Montgomery,CHI,1,13,64,0,3,1,10,0,7.4,7.4,1
Jordan Howard,MIA,1,8,7,1,0,0,0,0,6.7,6.7,1
Saquon Barkley,NYG,1,15,6,0,9,6,60,0,6.6,6.6,1
Myles Gaskin,MIA,1,9,40,0,4,4,26,0,6.6,6.6,1
Marlon Mack,IND,1,4,26,0,3,3,30,0,5.6,5.6,1
Boston Scott,PHI,1,9,35,0,2,2,19,0,5.4,5.4,1
Devin Singletary,BUF,1,9,30,0,7,5,23,0,5.3,5.3,1
Devontae Booker,LV,1,4,29,0,3,3,23,0,5.2,5.2,1
James White,NE,1,5,22,0,3,3,30,0,5.2,5.2,1
Joe Mixon,CIN,1,19,69,0,2,1,2,0,5.1,5.1,1
Kyle Juszczyk,SF,1,1,7,0,2,1,41,0,4.8,4.8,1
Latavius Murray,NO,1,15,48,0,1,0,0,0,4.8,4.8,1
Tarik Cohen,CHI,1,7,41,0,2,2,6,0,4.7,4.7,1
Le'Veon Bell,NYJ,1,6,14,0,2,2,32,0,4.6,4.6,1
Nick Chubb,CLE,1,10,60,0,1,1,6,0,4.6,4.6,1
Tyler Ervin,GB,1,3,38,0,1,1,6,0,4.4,4.4,1
Antonio Gibson,WAS,1,9,36,0,2,2,8,0,4.4,4.4,1
Cam Akers,LAR,1,14,39,0,1,1,4,0,4.3,4.3,1
Jamaal Williams,GB,1,7,21,0,4,4,21,0,4.2,4.2,1
Phillip Lindsay,DEN,1,7,24,0,1,1,11,0,3.5,3.5,1
Rex Burkhead,NE,1,7,32,0,0,0,0,0,3.2,3.2,1
Tony Pollard,DAL,1,2,10,0,3,2,22,0,3.2,3.2,1
J.J. Taylor,NE,1,4,28,0,1,1,4,0,3.2,3.2,1
Darrel Williams,KC,1,7,23,0,2,2,7,0,3.0,3.0,1
Mark Ingram,BAL,1,10,29,0,0,0,0,0,2.9,2.9,1
Giovani Bernard,CIN,1,1,7,0,5,4,21,0,2.8,2.8,1
Tevin Coleman,SF,1,4,18,0,2,1,6,0,2.4,2.4,1
Frank Gore,NYJ,1,6,24,0,0,0,0,0,2.4,2.4,1
Matt Breida,MIA,1,5,22,0,0,0,0,0,2.2,2.2,1
Corey Clement,PHI,1,6,19,0,2,2,2,0,2.1,2.1,1
Brian Hill,ATL,1,3,12,0,2,2,8,0,2.0,2.0,1
Leonard Fournette,TB,1,5,5,0,1,1,14,0,1.9,1.9,1
James Conner,PIT,1,6,9,0,4,2,8,0,1.7,1.7,1
Gus Edwards,BAL,1,4,17,0,0,0,0,0,1.7,1.7,1
Jalen Richard,LV,1,0,0,0,1,1,15,0,1.5,1.5,1
AJ Dillon,GB,1,2,14,0,0,0,0,0,1.4,1.4,1
Wayne Gallman,NYG,1,0,0,0,1,1,14,0,1.4,1.4,1
Duke Johnson,HOU,1,5,14,0,1,0,0,0,1.4,1.4,1
Kerryon Johnson,DET,1,7,14,0,0,0,0,0,1.4,1.4,1
Royce Freeman,DEN,1,1,0,0,1,1,12,0,1.2,1.2,1
Patrick Laird,MIA,1,0,0,0,2,2,9,0,0.9,0.9,1
Darrell Henderson,LAR,1,3,6,0,0,0,0,0,0.6,0.6,1
Ito Smith,ATL,1,1,4,0,3,3,2,0,0.6,0.6,1
Chris Thompson,JAC,1,0,0,0,2,2,6,0,0.6,0.6,1
Khari Blasingame,TEN,1,0,0,0,1,1,5,0,0.5,0.5,1
D'Ernest Johnson,CLE,1,1,5,0,0,0,0,0,0.5,0.5,1
Justin Jackson,LAC,1,2,4,0,0,0,0,0,0.4,0.4,1
Travis Homer,SEA,1,3,-1,0,2,2,4,0,0.3,0.3,1
Jaylen Samuels,PIT,1,1,2,0,1,1,1,0,0.3,0.3,1
LeSean McCoy,TB,1,0,0,0,1,1,2,0,0.2,0.2,1
Bruce Miller,JAC,1,0,0,0,1,1,2,0,0.2,0.2,1
Anthony Sherman,KC,1,1,2,0,0,0,0,0,0.2,0.2,1
Alex Armah,CAR,1,2,1,0,0,0,0,0,0.1,0.1,1
Jason Huntley,PHI,1,1,1,0,0,0,0,0,0.1,0.1,1
Dion Lewis,NYG,1,1,1,0,1,0,0,0,0.1,0.1,1
Jeremy McNichols,TEN,1,0,0,0,1,0,0,0,0.0,0.0,1
J.D. McKissic,WAS,1,3,-2,0,5,1,1,0,-0.1,-0.1,1
Ty Montgomery,NO,1,1,-4,0,0,0,0,0,-0.4,-0.4,1
Patrick Ricard,BAL,1,1,-5,0,1,1,9,0,-1.6,-1.6,1
Aaron Jones,GB,1,18,168,2,8,4,68,1,41.6,41.6,2
Alvin Kamara,NO,1,13,79,2,9,9,95,0,29.4,29.4,2
Nick Chubb,CLE,1,22,124,2,1,1,9,0,25.3,25.3,2
Leonard Fournette,TB,1,12,103,2,5,4,13,0,23.6,23.6,2
Kareem Hunt,CLE,1,10,86,1,2,2,15,1,22.1,22.1,2
Christian McCaffrey,CAR,1,18,59,2,5,4,29,0,20.8,20.8,2
David Montgomery,CHI,1,16,82,0,3,3,45,1,18.7,18.7,2
James Conner,PIT,1,16,106,1,2,2,15,0,18.1,18.1,2
Darrell Henderson,LAR,1,12,81,1,3,2,40,0,18.1,18.1,2
James Robinson,JAC,1,16,102,1,4,3,18,0,18.0,18.0,2
Miles Sanders,PHI,1,20,95,1,7,3,36,0,17.1,17.1,2
Jonathan Taylor,IND,1,26,101,1,2,2,9,0,17.0,17.0,2
Chris Carson,SEA,1,17,72,0,3,3,36,1,16.8,16.8,2
Raheem Mostert,SF,1,8,92,1,2,2,15,0,16.7,16.7,2
Ezekiel Elliott,DAL,1,22,89,1,7,6,33,0,16.2,16.2,2
Austin Ekeler,LAC,1,16,93,0,4,4,55,0,14.8,14.8,2
Melvin Gordon,DEN,1,19,70,0,3,2,14,1,14.4,14.4,2
Mark Ingram,BAL,1,9,55,1,3,2,22,0,13.7,13.7,2
Jerick McKinnon,SF,1,3,77,1,1,0,0,0,13.7,13.7,2
Dalvin Cook,MIN,1,14,63,1,2,2,8,0,13.1,13.1,2
Dion Lewis,NYG,1,10,20,1,5,4,36,0,11.6,11.6,2
Joshua Kelley,LAC,1,23,64,0,3,2,49,0,11.3,11.3,2
Antonio Gibson,WAS,1,13,55,1,2,1,-3,0,11.2,11.2,2
Josh Jacobs,LV,1,27,88,0,3,3,17,0,10.5,10.5,2
Kenyan Drake,ARI,1,20,86,0,2,2,9,0,9.5,9.5,2
Kerryon Johnson,DET,1,8,32,1,1,0,0,0,9.2,9.2,2
Ronald Jones,TB,1,7,23,1,2,2,4,0,8.7,8.7,2
Chris Thompson,JAC,1,2,7,0,4,3,20,1,8.7,8.7,2
Joe Mixon,CIN,1,16,46,0,4,4,40,0,8.6,8.6,2
Jalen Richard,LV,1,2,26,1,0,0,0,0,8.6,8.6,2
Derrick Henry,TEN,1,25,84,0,2,0,0,0,8.4,8.4,2
Myles Gaskin,MIA,1,7,46,0,7,6,36,0,8.2,8.2,2
Devin Singletary,BUF,1,10,56,0,3,2,20,0,7.6,7.6,2
Mike Davis,CAR,1,1,1,0,8,8,74,0,7.5,7.5,2
Gus Edwards,BAL,1,10,73,0,0,0,0,0,7.3,7.3,2
D'Andre Swift,DET,1,5,12,0,5,5,60,0,7.2,7.2,2
Clyde Edwards-Helaire,KC,1,10,38,0,8,6,32,0,7.0,7.0,2
Alec Ingold,LV,1,0,0,0,2,2,5,1,6.5,6.5,2
Jordan Howard,MIA,1,5,4,1,0,0,0,0,6.4,6.4,2
Frank Gore,NYJ,1,21,63,0,2,0,0,0,6.3,6.3,2
Jamaal Williams,GB,1,8,63,0,0,0,0,0,6.3,6.3,2
J.K. Dobbins,BAL,1,2,48,0,1,1,13,0,6.1,6.1,2
Todd Gurley,ATL,1,21,61,0,0,0,0,0,6.1,6.1,2
Jakob Johnson,NE,1,0,0,0,1,1,1,1,6.1,6.1,2
Patrick Ricard,BAL,1,0,0,0,1,1,1,1,6.1,6.1,2
J.D. McKissic,WAS,1,8,53,0,0,0,0,0,5.3,5.3,2
David Johnson,HOU,1,11,34,0,4,2,16,0,5.0,5.0,2
Rex Burkhead,NE,1,6,2,0,6,4,47,0,4.9,4.9,2
Malcolm Brown,LAR,1,11,47,0,0,0,0,0,4.7,4.7,2
Boston Scott,PHI,1,4,19,0,3,3,24,0,4.3,4.3,2
Adrian Peterson,DET,1,7,41,0,0,0,0,0,4.1,4.1,2
Tevin Coleman,SF,1,14,12,0,2,2,28,0,4.0,4.0,2
Jordan Wilkins,IND,1,9,40,0,0,0,0,0,4.0,4.0,2
Matt Breida,MIA,1,7,37,0,2,1,2,0,3.9,3.9,2
Carlos Hyde,SEA,1,5,22,0,2,2,15,0,3.7,3.7,2
Zack Moss,BUF,1,8,37,0,0,0,0,0,3.7,3.7,2
Latavius Murray,NO,1,3,14,0,2,2,19,0,3.3,3.3,2
Saquon Barkley,NYG,1,4,28,0,0,0,0,0,2.8,2.8,2
Tarik Cohen,CHI,1,5,12,0,1,1,15,0,2.7,2.7,2
Giovani Bernard,CIN,1,1,3,0,7,5,22,0,2.5,2.5,2
Brian Hill,ATL,1,3,14,0,2,2,11,0,2.5,2.5,2
Ty Montgomery,NO,1,0,0,0,3,2,25,0,2.5,2.5,2
Travis Homer,SEA,1,3,21,0,0,0,0,0,2.1,2.1,2
LeSean McCoy,TB,1,1,-5,0,7,5,26,0,2.1,2.1,2
Darwin Thompson,KC,1,4,21,0,1,0,0,0,2.1,2.1,2
Royce Freeman,DEN,1,3,20,0,0,0,0,0,2.0,2.0,2
Ito Smith,ATL,1,5,20,0,0,0,0,0,2.0,2.0,2
Sony Michel,NE,1,7,19,0,1,0,0,0,1.9,1.9,2
Kalen Ballage,NYJ,1,1,5,0,2,2,12,0,1.7,1.7,2
AJ Dillon,GB,1,5,17,0,0,0,0,0,1.7,1.7,2
La'Mical Perine,NYJ,1,3,17,0,0,0,0,0,1.7,1.7,2
Alexander Mattison,MIN,1,3,13,0,2,1,3,0,1.6,1.6,2
Alex Armah,CAR,1,0,0,0,1,1,14,0,1.4,1.4,2
Cam Akers,LAR,1,3,13,0,0,0,0,0,1.3,1.3,2
Chase Edmonds,ARI,1,3,4,0,4,3,9,0,1.3,1.3,2
Darrel Williams,KC,1,0,0,0,1,1,12,0,1.2,1.2,2
Senorise Perry,TEN,1,2,9,0,0,0,0,0,0.9,0.9,2
Tony Pollard,DAL,1,2,6,0,1,1,3,0,0.9,0.9,2
Jeremy McNichols,TEN,1,2,7,0,0,0,0,0,0.7,0.7,2
Kyle Juszczyk,SF,1,0,0,0,2,2,6,0,0.6,0.6,2
Devontae Booker,LV,1,3,-1,0,1,1,6,0,0.5,0.5,2
Tyler Ervin,GB,1,0,0,0,1,1,4,0,0.4,0.4,2
C.J. Ham,MIN,1,1,4,0,0,0,0,0,0.4,0.4,2
Nyheim Hines,IND,1,0,0,0,1,1,4,0,0.4,0.4,2
Jaylen Samuels,PIT,1,0,0,0,2,1,4,0,0.4,0.4,2
Keith Smith,ATL,1,1,2,0,2,1,1,0,0.3,0.3,2
Jeff Wilson,SF,1,2,3,0,0,0,0,0,0.3,0.3,2
Ryan Nall,CHI,1,0,0,0,1,1,2,0,0.2,0.2,2
Peyton Barber,WAS,1,1,1,0,0,0,0,0,0.1,0.1,2
Josh Adams,NYJ,1,1,0,0,0,0,0,0,0.0,0.0,2
Andy Janovich,CLE,1,0,0,0,1,1,0,0,0.0,0.0,2
Ty Johnson,DET,1,0,0,0,1,0,0,0,0.0,0.0,2
Bruce Miller,JAC,1,0,0,0,1,0,0,0,0.0,0.0,2
J.J. Taylor,NE,1,1,-1,0,0,0,0,0,-0.1,-0.1,2
Benny Snell,PIT,1,3,5,0,1,1,-4,0,-1.9,-1.9,2
Alvin Kamara,NO,1,6,58,0,14,13,139,2,31.7,31.7,3
Rex Burkhead,NE,1,6,49,2,10,7,49,1,27.8,27.8,3
Dalvin Cook,MIN,1,22,181,1,5,2,18,0,25.9,25.9,3
Derrick Henry,TEN,1,26,119,2,3,2,11,0,25.0,25.0,3
James Robinson,JAC,1,11,46,2,6,6,83,0,24.9,24.9,3
Nick Chubb,CLE,1,19,108,2,1,1,2,0,23.0,23.0,3
James Conner,PIT,1,18,109,1,5,4,40,0,20.9,20.9,3
Austin Ekeler,LAC,1,12,59,1,11,11,84,0,20.3,20.3,3
Jeff Wilson,SF,1,12,15,1,3,3,54,1,18.9,18.9,3
Darrell Henderson,LAR,1,20,114,1,3,1,6,0,18.0,18.0,3
Mike Davis,CAR,1,13,46,0,9,8,45,1,15.1,15.1,3
Aaron Jones,GB,1,16,69,1,4,2,17,0,14.6,14.6,3
Todd Gurley,ATL,1,14,80,1,2,1,2,0,14.2,14.2,3
Brian Hill,ATL,1,9,58,1,3,1,22,0,14.0,14.0,3
Sony Michel,NE,1,9,117,0,2,2,23,0,14.0,14.0,3
Jerick McKinnon,SF,1,14,38,1,4,3,39,0,13.7,13.7,3
Clyde Edwards-Helaire,KC,1,20,64,0,6,5,70,0,13.4,13.4,3
Kareem Hunt,CLE,1,16,46,0,3,2,18,1,12.4,12.4,3
Jonathan Taylor,IND,1,13,59,1,1,1,3,0,12.2,12.2,3
Devin Singletary,BUF,1,13,71,0,5,4,50,0,12.1,12.1,3
Ezekiel Elliott,DAL,1,14,34,1,12,6,24,0,11.8,11.8,3
Miles Sanders,PHI,1,18,95,0,8,4,12,0,10.7,10.7,3
David Johnson,HOU,1,13,23,1,3,2,23,0,10.6,10.6,3
Antonio Gibson,WAS,1,9,49,1,3,3,11,0,10.0,10.0,3
Myles Gaskin,MIA,1,22,66,0,5,5,29,0,9.5,9.5,3
Adrian Peterson,DET,1,22,75,0,1,1,10,0,8.5,8.5,3
Kenyan Drake,ARI,1,18,73,0,1,1,6,0,7.9,7.9,3
Chris Carson,SEA,1,14,64,0,3,3,12,0,7.6,7.6,3
Ronald Jones,TB,1,13,53,0,4,2,20,0,7.3,7.3,3
Joe Mixon,CIN,1,17,49,0,3,2,16,0,6.5,6.5,3
Latavius Murray,NO,1,12,58,0,1,1,7,0,6.5,6.5,3
Anthony Sherman,KC,1,1,0,0,1,1,5,1,6.5,6.5,3
Josh Jacobs,LV,1,16,71,0,4,3,12,0,6.3,6.3,3
Frank Gore,NYJ,1,15,57,0,1,1,5,0,6.2,6.2,3
Nyheim Hines,IND,1,7,21,0,5,4,40,0,6.1,6.1,3
Jordan Howard,MIA,1,3,1,1,0,0,0,0,6.1,6.1,3
Giovani Bernard,CIN,1,0,0,0,3,3,55,0,5.5,5.5,3
David Montgomery,CHI,1,14,45,0,3,2,9,0,5.4,5.4,3
Kalen Ballage,NYJ,1,2,8,0,5,5,44,0,5.2,5.2,3
J.D. McKissic,WAS,1,5,15,0,4,3,37,0,5.2,5.2,3
Anthony McFarland Jr,PIT,1,6,42,0,2,1,7,0,4.9,4.9,3
Jordan Wilkins,IND,1,9,39,0,1,1,6,0,4.5,4.5,3
J.K. Dobbins,BAL,1,1,6,0,4,4,38,0,4.4,4.4,3
J.J. Taylor,NE,1,11,43,0,1,0,0,0,4.3,4.3,3
Tarik Cohen,CHI,1,2,21,0,6,3,20,0,4.1,4.1,3
Gus Edwards,BAL,1,4,39,0,0,0,0,0,3.9,3.9,3
Melvin Gordon,DEN,1,8,26,0,6,4,12,0,3.8,3.8,3
Chris Thompson,JAC,1,2,3,0,6,5,35,0,3.8,3.8,3
Royce Freeman,DEN,1,2,4,0,2,2,31,0,3.5,3.5,3
Chase Edmonds,ARI,1,3,13,0,2,2,21,0,3.4,3.4,3
Joshua Kelley,LAC,1,8,43,0,2,2,9,0,3.2,3.2,3
Devontae Booker,LV,1,3,31,0,0,0,0,0,3.1,3.1,3
Mark Ingram,BAL,1,7,30,0,1,0,0,0,3.0,3.0,3
Kerryon Johnson,DET,1,3,16,0,1,1,14,0,3.0,3.0,3
Alexander Mattison,MIN,1,8,27,0,0,0,0,0,2.7,2.7,3
LeSean McCoy,TB,1,0,0,0,4,2,24,0,2.4,2.4,3
Carlos Hyde,SEA,1,4,12,0,1,1,11,0,2.3,2.3,3
La'Mical Perine,NYJ,1,7,24,0,2,2,-1,0,2.3,2.3,3
Leonard Fournette,TB,1,7,15,0,2,2,7,0,2.2,2.2,3
Jalen Richard,LV,1,1,14,0,3,3,8,0,2.2,2.2,3
Malcolm Brown,LAR,1,7,19,0,2,0,0,0,1.9,1.9,3
Travis Homer,SEA,1,2,19,0,1,0,0,0,1.9,1.9,3
D'Andre Swift,DET,1,0,0,0,2,1,19,0,1.9,1.9,3
JaMycal Hasty,SF,1,2,9,0,1,1,9,0,1.8,1.8,3
T.J. Yeldon,BUF,1,3,18,0,0,0,0,0,1.8,1.8,3
Jamaal Williams,GB,1,6,14,0,1,1,3,0,1.7,1.7,3
Reggie Bonnafon,CAR,1,2,16,0,0,0,0,0,1.6,1.6,3
Wayne Gallman,NYG,1,4,7,0,3,2,7,0,1.4,1.4,3
Tyler Ervin,GB,1,1,5,0,2,2,8,0,1.3,1.3,3
Andy Janovich,CLE,1,0,0,0,1,1,13,0,1.3,1.3,3
C.J. Ham,MIN,1,0,0,0,2,1,11,0,1.1,1.1,3
Alec Ingold,LV,1,0,0,0,1,1,11,0,1.1,1.1,3
Benny Snell,PIT,1,7,11,0,0,0,0,0,1.1,1.1,3
Devonta Freeman,NYG,1,5,10,0,0,0,0,0,1.0,1.0,3
Dion Lewis,NYG,1,1,0,0,3,1,10,0,1.0,1.0,3
Darrynton Evans,TEN,1,3,9,0,0,0,0,0,0.9,0.9,3
Corey Clement,PHI,1,3,8,0,0,0,0,0,0.8,0.8,3
Kyle Juszczyk,SF,1,0,0,0,1,1,7,0,0.7,0.7,3
Darrel Williams,KC,1,2,6,0,2,2,1,0,0.7,0.7,3
Peyton Barber,WAS,1,3,6,0,0,0,0,0,0.6,0.6,3
Cullen Gillaspia,HOU,1,0,0,0,1,1,6,0,0.6,0.6,3
Jakob Johnson,NE,1,0,0,0,1,1,6,0,0.6,0.6,3
Jeremy McNichols,TEN,1,0,0,0,1,1,5,0,0.5,0.5,3
Boston Scott,PHI,1,3,5,0,1,0,0,0,0.5,0.5,3
Matt Breida,MIA,1,3,4,0,0,0,0,0,0.4,0.4,3
Keith Smith,ATL,1,0,0,0,1,1,3,0,0.3,0.3,3
C.J. Prosise,HOU,1,1,1,0,0,0,0,0,0.1,0.1,3
Jaylen Samuels,PIT,1,1,1,0,0,0,0,0,0.1,0.1,3
Ito Smith,ATL,1,0,0,0,2,0,0,0,0.0,0.0,3
Tony Pollard,DAL,1,0,0,0,1,1,-5,0,-0.5,-0.5,3
Darwin Thompson,KC,1,2,11,0,2,0,0,0,-0.9,-0.9,3
Joe Mixon,CIN,1,25,151,2,6,6,30,1,36.1,36.1,4
Dalvin Cook,MIN,1,27,130,2,2,2,16,0,26.6,26.6,4
Melvin Gordon,DEN,1,23,107,2,3,2,11,0,23.8,23.8,4
Chris Carson,SEA,1,16,80,2,4,3,20,0,22.0,22.0,4
Latavius Murray,NO,1,14,64,2,2,1,19,0,20.3,20.3,4
Kareem Hunt,CLE,1,11,71,2,0,0,0,0,19.1,19.1,4
Antonio Gibson,WAS,1,13,46,1,5,4,82,0,18.8,18.8,4
Todd Gurley,ATL,1,16,57,2,1,1,6,0,18.3,18.3,4
Alvin Kamara,NO,1,19,83,1,4,3,36,0,17.9,17.9,4
Mike Davis,CAR,1,16,84,1,6,5,27,0,17.1,17.1,4
Aaron Jones,GB,1,15,71,0,5,5,40,1,17.1,17.1,4
Jerick McKinnon,SF,1,14,54,1,8,7,43,0,15.7,15.7,4
Devin Singletary,BUF,1,18,56,1,6,5,21,0,13.7,13.7,4
Reggie Bonnafon,CAR,1,10,53,0,2,2,18,1,13.1,13.1,4
Ronald Jones,TB,1,20,111,0,9,6,17,0,12.8,12.8,4
D'Andre Swift,DET,1,4,22,0,4,4,30,1,11.2,11.2,4
James Robinson,JAC,1,17,75,0,4,4,32,0,10.7,10.7,4
Ezekiel Elliott,DAL,1,12,54,0,8,8,71,0,10.5,10.5,4
Jamaal Williams,GB,1,8,10,0,8,8,95,0,10.5,10.5,4
Chase Edmonds,ARI,1,4,16,0,6,5,24,1,10.0,10.0,4
Damien Harris,NE,1,17,100,0,0,0,0,0,10.0,10.0,4
Mark Ingram,BAL,1,8,34,1,1,1,3,0,9.7,9.7,4
Adrian Peterson,DET,1,11,36,1,2,0,0,0,9.6,9.6,4
D'Ernest Johnson,CLE,1,13,95,0,0,0,0,0,9.5,9.5,4
David Johnson,HOU,1,16,63,0,3,2,29,0,9.2,9.2,4
Tony Pollard,DAL,1,3,16,1,2,1,16,0,9.2,9.2,4
Clyde Edwards-Helaire,KC,1,16,64,0,3,3,27,0,9.1,9.1,4
Ke'Shawn Vaughn,TB,1,3,4,0,3,2,22,1,8.6,8.6,4
Jonathan Taylor,IND,1,17,68,0,1,1,11,0,7.9,7.9,4
Alexander Mattison,MIN,1,7,17,1,0,0,0,0,7.7,7.7,4
Miles Sanders,PHI,1,13,46,0,4,2,30,0,7.6,7.6,4
Josh Jacobs,LV,1,15,48,0,4,3,25,0,7.3,7.3,4
Devonta Freeman,NYG,1,11,33,0,4,4,35,0,6.8,6.8,4
Travis Homer,SEA,1,4,5,0,1,1,3,1,6.8,6.8,4
Myles Gaskin,MIA,1,10,40,0,4,3,22,0,6.2,6.2,4
James White,NE,1,3,21,0,8,7,38,0,5.9,5.9,4
Malcolm Brown,LAR,1,9,38,0,6,5,19,0,5.7,5.7,4
David Montgomery,CHI,1,10,27,0,6,3,30,0,5.7,5.7,4
Rex Burkhead,NE,1,11,45,0,1,1,5,0,5.0,5.0,4
Matt Breida,MIA,1,3,9,0,3,3,39,0,4.8,4.8,4
Wayne Gallman,NYG,1,6,45,0,0,0,0,0,4.5,4.5,4
Duke Johnson,HOU,1,5,24,0,4,3,21,0,4.5,4.5,4
Nick Chubb,CLE,1,6,43,0,0,0,0,0,4.3,4.3,4
Gus Edwards,BAL,1,9,38,0,0,0,0,0,3.8,3.8,4
Darrell Henderson,LAR,1,8,21,0,1,1,16,0,3.7,3.7,4
Frank Gore,NYJ,1,13,30,0,2,1,6,0,3.6,3.6,4
Kenyan Drake,ARI,1,13,35,0,0,0,0,0,3.5,3.5,4
Nyheim Hines,IND,1,9,24,0,3,3,8,0,3.2,3.2,4
Jordan Wilkins,IND,1,9,15,0,1,1,16,0,3.1,3.1,4
Alec Ingold,LV,1,1,-1,0,2,2,29,0,2.8,2.8,4
Ito Smith,ATL,1,2,3,0,3,3,24,0,2.7,2.7,4
J.D. McKissic,WAS,1,2,6,0,8,7,40,0,2.6,2.6,4
DeeJay Dallas,SEA,1,2,8,0,2,2,15,0,2.3,2.3,4
Brian Hill,ATL,1,4,10,0,2,2,13,0,2.3,2.3,4
Dontrell Hilliard,CLE,1,5,19,0,1,1,2,0,2.1,2.1,4
Justin Jackson,LAC,1,6,9,0,2,2,12,0,2.1,2.1,4
Giovani Bernard,CIN,1,2,19,0,0,0,0,0,1.9,1.9,4
Jeff Wilson,SF,1,3,6,0,1,1,13,0,1.9,1.9,4
Dion Lewis,NYG,1,1,10,0,3,2,8,0,1.8,1.8,4
J.K. Dobbins,BAL,1,5,16,0,2,1,1,0,1.7,1.7,4
Jalen Richard,LV,1,1,6,0,4,2,10,0,1.6,1.6,4
La'Mical Perine,NYJ,1,5,15,0,0,0,0,0,1.5,1.5,4
Austin Ekeler,LAC,1,2,12,0,1,1,2,0,1.4,1.4,4
Kyle Juszczyk,SF,1,0,0,0,2,1,13,0,1.3,1.3,4
Joshua Kelley,LAC,1,9,7,0,3,3,26,0,1.3,1.3,4
Theo Riddick,LV,1,2,13,0,0,0,0,0,1.3,1.3,4
Royce Freeman,DEN,1,3,6,0,2,2,6,0,1.2,1.2,4
Kerryon Johnson,DET,1,3,9,0,1,1,3,0,1.2,1.2,4
Kalen Ballage,NYJ,1,0,0,0,3,2,11,0,1.1,1.1,4
Gabe Nabers,LAC,1,1,4,0,1,1,5,0,0.9,0.9,4
Tyler Ervin,GB,1,0,0,0,2,1,8,0,0.8,0.8,4
Michael Burton,NO,1,1,4,0,1,1,3,0,0.7,0.7,4
LeSean McCoy,TB,1,1,3,0,1,1,3,0,0.6,0.6,4
Peyton Barber,WAS,1,3,5,0,1,0,0,0,0.5,0.5,4
Jason Cabinda,DET,1,0,0,0,1,1,4,0,0.4,0.4,4
Keith Smith,ATL,1,0,0,0,1,1,4,0,0.4,0.4,4
Corey Clement,PHI,1,2,3,0,0,0,0,0,0.3,0.3,4
Chandler Cox,MIA,1,0,0,0,1,1,3,0,0.3,0.3,4
AJ Dillon,GB,1,1,3,0,0,0,0,0,0.3,0.3,4
Alex Armah,CAR,1,1,2,0,0,0,0,0,0.2,0.2,4
C.J. Ham,MIN,1,1,2,0,1,0,0,0,0.2,0.2,4
Darrel Williams,KC,1,1,2,0,1,0,0,0,0.2,0.2,4
Boston Scott,PHI,1,2,1,0,0,0,0,0,0.1,0.1,4
Kenjon Barner,TB,1,0,0,0,1,0,0,0,0.0,0.0,4
T.J. Yeldon,BUF,1,0,0,0,1,0,0,0,0.0,0.0,4
Jordan Howard,MIA,1,2,2,0,1,1,-3,0,-0.1,-0.1,4
Adrian Killins,PHI,1,1,-12,0,1,1,2,0,-1.0,-1.0,4
Ezekiel Elliott,DAL,1,19,91,2,2,1,14,0,22.5,22.5,5
Miles Sanders,PHI,1,11,80,2,4,2,19,0,21.9,21.9,5
Todd Gurley,ATL,1,14,121,1,5,4,29,0,21.0,21.0,5
Mike Davis,CAR,1,16,89,0,10,9,60,1,20.9,20.9,5
Josh Jacobs,LV,1,23,77,2,3,2,8,0,20.5,20.5,5
Darrell Henderson,LAR,1,15,38,1,4,3,30,1,18.8,18.8,5
Derrick Henry,TEN,1,19,57,2,2,1,6,0,18.3,18.3,5
Kareem Hunt,CLE,1,20,72,0,4,3,21,1,15.3,15.3,5
Chase Edmonds,ARI,1,3,36,1,6,5,56,0,15.2,15.2,5
Myles Gaskin,MIA,1,16,57,1,5,5,34,0,15.1,15.1,5
Dalvin Cook,MIN,1,17,65,1,5,5,24,0,14.9,14.9,5
Devonta Freeman,NYG,1,17,60,1,3,2,27,0,14.7,14.7,5
Chris Carson,SEA,1,8,52,1,7,6,27,0,13.9,13.9,5
Alexander Mattison,MIN,1,20,112,0,3,3,24,0,13.6,13.6,5
Jonathan Taylor,IND,1,12,57,1,3,2,17,0,13.4,13.4,5
T.J. Yeldon,BUF,1,7,52,0,3,1,22,1,13.4,13.4,5
Ronald Jones,TB,1,17,106,0,5,3,19,0,12.5,12.5,5
James Conner,PIT,1,15,44,1,3,3,19,0,12.3,12.3,5
Kenyan Drake,ARI,1,18,60,1,1,1,2,0,12.2,12.2,5
Alvin Kamara,NO,1,11,45,0,10,8,74,0,11.9,11.9,5
David Montgomery,CHI,1,10,29,1,8,7,30,0,11.9,11.9,5
Raheem Mostert,SF,1,11,90,0,3,3,29,0,11.9,11.9,5
David Johnson,HOU,1,17,96,0,4,2,7,0,10.3,10.3,5
Justin Jackson,LAC,1,15,71,0,6,5,23,0,9.4,9.4,5
Joe Mixon,CIN,1,24,59,0,8,6,35,0,9.4,9.4,5
Clyde Edwards-Helaire,KC,1,10,40,0,8,3,40,0,8.0,8.0,5
Kyle Juszczyk,SF,1,2,11,1,1,0,0,0,7.1,7.1,5
Le'Veon Bell,NYJ,1,13,60,0,1,1,7,0,6.7,6.7,5
Devontae Booker,LV,1,7,62,0,1,1,5,0,6.7,6.7,5
Cam Akers,LAR,1,9,61,0,0,0,0,0,6.1,6.1,5
Matt Breida,MIA,1,9,28,0,1,1,31,0,5.9,5.9,5
Mark Ingram,BAL,1,11,57,0,0,0,0,0,5.7,5.7,5
Latavius Murray,NO,1,8,34,0,2,2,23,0,5.7,5.7,5
J.K. Dobbins,BAL,1,1,34,0,3,3,21,0,5.5,5.5,5
Brian Hill,ATL,1,6,39,0,2,2,15,0,5.4,5.4,5
Antonio Gibson,WAS,1,11,27,0,5,5,24,0,5.1,5.1,5
James Robinson,JAC,1,13,48,0,7,5,22,0,5.0,5.0,5
J.D. McKissic,WAS,1,1,3,0,8,6,46,0,4.9,4.9,5
Chris Thompson,JAC,1,2,7,0,3,3,35,0,4.2,4.2,5
Joshua Kelley,LAC,1,11,29,0,1,1,9,0,3.8,3.8,5
D'Ernest Johnson,CLE,1,8,32,0,1,1,4,0,3.6,3.6,5
Devin Singletary,BUF,1,11,25,0,1,1,8,0,3.3,3.3,5
Tony Pollard,DAL,1,6,30,0,3,2,2,0,3.2,3.2,5
Jeremy McNichols,TEN,1,9,28,0,1,1,3,0,3.1,3.1,5
Frank Gore,NYJ,1,9,30,0,0,0,0,0,3.0,3.0,5
Nyheim Hines,IND,1,3,8,0,4,2,22,0,3.0,3.0,5
Jalen Richard,LV,1,1,4,0,5,4,26,0,3.0,3.0,5
Jeff Wilson,SF,1,4,27,0,1,0,0,0,2.7,2.7,5
Gus Edwards,BAL,1,7,25,0,3,0,0,0,2.5,2.5,5
Alec Ingold,LV,1,0,0,0,4,2,25,0,2.5,2.5,5
Malcolm Brown,LAR,1,8,30,0,2,1,-6,0,2.4,2.4,5
Wayne Gallman,NYG,1,5,24,0,2,2,0,0,2.4,2.4,5
Mike Boone,MIN,1,2,19,0,0,0,0,0,1.9,1.9,5
Duke Johnson,HOU,1,3,8,0,1,1,11,0,1.9,1.9,5
Benny Snell,PIT,1,7,19,0,0,0,0,0,1.9,1.9,5
Darrel Williams,KC,1,1,4,0,5,1,15,0,1.9,1.9,5
Travis Homer,SEA,1,3,14,0,0,0,0,0,1.4,1.4,5
Darrynton Evans,TEN,1,2,12,0,0,0,0,0,1.2,1.2,5
Patrick Ricard,BAL,1,0,0,0,2,1,7,0,0.7,0.7,5
Chandler Cox,MIA,1,0,0,0,1,1,6,0,0.6,0.6,5
Anthony McFarland Jr,PIT,1,3,6,0,0,0,0,0,0.6,0.6,5
Ito Smith,ATL,1,3,6,0,0,0,0,0,0.6,0.6,5
Jerick McKinnon,SF,1,1,0,0,4,2,5,0,0.5,0.5,5
Giovani Bernard,CIN,1,0,0,0,2,1,4,0,0.4,0.4,5
Andy Janovich,CLE,1,2,4,0,0,0,0,0,0.4,0.4,5
Elijhaa Penny,NYG,1,1,3,0,0,0,0,0,0.3,0.3,5
Boston Scott,PHI,1,1,3,0,0,0,0,0,0.3,0.3,5
Alex Armah,CAR,1,1,2,0,0,0,0,0,0.2,0.2,5
Michael Burton,NO,1,2,2,0,0,0,0,0,0.2,0.2,5
Dion Lewis,NYG,1,0,0,0,4,2,1,0,0.1,0.1,5
Keith Smith,ATL,1,1,1,0,0,0,0,0,0.1,0.1,5
Jordan Wilkins,IND,1,1,1,0,0,0,0,0,0.1,0.1,5
C.J. Ham,MIN,1,0,0,0,2,0,0,0,0.0,0.0,5
Taiwan Jones,BUF,1,0,0,0,1,0,0,0,0.0,0.0,5
Trenton Cannon,CAR,1,2,-1,0,0,0,0,0,-0.1,-0.1,5
Ke'Shawn Vaughn,TB,1,0,0,0,3,2,5,0,-1.5,-1.5,5
Derrick Henry,TEN,1,22,212,2,5,2,52,0,38.4,38.4,6
Kenyan Drake,ARI,1,20,164,2,2,0,0,0,28.4,28.4,6
D'Andre Swift,DET,1,14,116,2,4,3,7,0,24.3,24.3,6
Ronald Jones,TB,1,23,113,2,2,2,8,0,24.1,24.1,6
Clyde Edwards-Helaire,KC,1,26,161,0,4,4,8,0,16.9,16.9,6
James Conner,PIT,1,20,101,1,1,1,1,0,16.2,16.2,6
David Johnson,HOU,1,19,57,1,2,1,12,0,12.9,12.9,6
Joe Mixon,CIN,1,18,54,1,3,2,15,0,12.9,12.9,6
Myles Gaskin,MIA,1,18,91,0,4,4,35,0,12.6,12.6,6
Adrian Peterson,DET,1,15,40,1,1,1,18,0,11.8,11.8,6
Mike Davis,CAR,1,18,52,1,3,2,3,0,11.5,11.5,6
Jonathan Taylor,IND,1,12,60,0,4,4,55,0,11.5,11.5,6
James Robinson,JAC,1,12,29,0,4,4,24,1,11.3,11.3,6
Miles Sanders,PHI,1,9,118,0,2,1,-6,0,11.2,11.2,6
Aaron Jones,GB,1,10,15,1,5,3,26,0,10.1,10.1,6
Phillip Lindsay,DEN,1,23,101,0,0,0,0,0,10.1,10.1,6
Darrel Williams,KC,1,6,26,1,1,1,15,0,10.1,10.1,6
David Montgomery,CHI,1,19,58,0,5,4,39,0,9.7,9.7,6
Darrell Henderson,LAR,1,14,88,0,0,0,4,0,9.2,9.2,6
Giovani Bernard,CIN,1,8,15,1,3,3,13,0,8.8,8.8,6
Gus Edwards,BAL,1,14,26,1,0,0,0,0,8.6,8.6,6
J.D. McKissic,WAS,1,8,41,0,6,6,43,0,8.4,8.4,6
Benny Snell,PIT,1,6,17,1,1,1,4,0,8.1,8.1,6
Raheem Mostert,SF,1,17,65,0,2,2,11,0,7.6,7.6,6
James White,NE,1,4,8,0,9,8,65,0,7.3,7.3,6
Frank Gore,NYJ,1,11,46,0,4,4,24,0,7.0,7.0,6
Todd Gurley,ATL,1,20,47,0,4,3,20,0,6.7,6.7,6
Jeremy McNichols,TEN,1,5,51,0,3,2,11,0,6.2,6.2,6
Devonta Freeman,NYG,1,18,61,0,2,1,-4,0,5.7,5.7,6
Kareem Hunt,CLE,1,13,40,0,3,2,17,0,5.7,5.7,6
Antonio Gibson,WAS,1,9,30,0,5,4,25,0,5.5,5.5,6
Devin Singletary,BUF,1,10,32,0,2,1,13,0,4.5,4.5,6
Ty Johnson,NYJ,1,3,42,0,1,0,0,0,4.2,4.2,6
Ke'Shawn Vaughn,TB,1,5,42,0,1,0,0,0,4.2,4.2,6
Ezekiel Elliott,DAL,1,12,49,0,11,8,31,0,4.0,4.0,6
Tony Pollard,DAL,1,10,31,0,4,2,9,0,4.0,4.0,6
JaMycal Hasty,SF,1,9,37,0,1,0,0,0,3.7,3.7,6
La'Mical Perine,NYJ,1,7,27,0,3,2,9,0,3.6,3.6,6
Jamaal Williams,GB,1,4,34,0,1,0,0,0,3.4,3.4,6
Damien Harris,NE,1,6,19,0,1,1,14,0,3.3,3.3,6
AJ Dillon,GB,1,5,31,0,0,0,0,0,3.1,3.1,6
Royce Freeman,DEN,1,8,26,0,1,1,4,0,3.0,3.0,6
Alexander Mattison,MIN,1,10,26,0,2,1,4,0,3.0,3.0,6
J.K. Dobbins,BAL,1,9,28,0,4,2,1,0,2.9,2.9,6
Chase Edmonds,ARI,1,5,23,0,2,1,6,0,2.9,2.9,6
Dontrell Hilliard,CLE,1,4,29,0,0,0,0,0,2.9,2.9,6
Jerick McKinnon,SF,1,6,18,0,3,2,10,0,2.8,2.8,6
Trenton Cannon,CAR,1,3,12,0,2,2,15,0,2.7,2.7,6
Nyheim Hines,IND,1,0,0,0,6,5,27,0,2.7,2.7,6
Ito Smith,ATL,1,2,8,0,1,1,17,0,2.5,2.5,6
Matt Breida,MIA,1,6,15,0,2,2,7,0,2.2,2.2,6
Malcolm Brown,LAR,1,2,4,0,4,3,18,0,2.2,2.2,6
Mark Ingram,BAL,1,5,20,0,0,0,0,0,2.0,2.0,6
Kerryon Johnson,DET,1,4,9,0,2,1,11,0,2.0,2.0,6
Darwin Thompson,KC,1,3,17,0,0,0,0,0,1.7,1.7,6
Chris Thompson,JAC,1,0,0,0,4,3,15,0,1.5,1.5,6
Rex Burkhead,NE,1,5,14,0,0,0,0,0,1.4,1.4,6
Brian Hill,ATL,1,10,28,0,2,2,6,0,1.4,1.4,6
Rico Dowdle,DAL,1,3,13,0,0,0,0,0,1.3,1.3,6
Duke Johnson,HOU,1,4,9,0,2,1,2,0,1.1,1.1,6
Peyton Barber,WAS,1,4,6,0,1,1,4,0,1.0,1.0,6
Dion Lewis,NYG,1,0,0,0,1,1,10,0,1.0,1.0,6
Zack Moss,BUF,1,5,10,0,0,0,0,0,1.0,1.0,6
Boston Scott,PHI,1,2,4,0,4,2,5,0,0.9,0.9,6
Ameer Abdullah,MIN,1,2,7,0,2,1,1,0,0.8,0.8,6
Kyle Juszczyk,SF,1,0,0,0,2,1,8,0,0.8,0.8,6
Anthony McFarland Jr,PIT,1,3,2,0,1,1,6,0,0.8,0.8,6
LeSean McCoy,TB,1,4,1,0,1,1,6,0,0.7,0.7,6
Mike Boone,MIN,1,1,-1,0,1,1,6,0,0.5,0.5,6
Keith Smith,ATL,1,0,0,0,1,1,3,0,0.3,0.3,6
Patrick Laird,MIA,1,0,0,0,1,1,2,0,0.2,0.2,6
D'Ernest Johnson,CLE,1,4,1,0,1,0,0,0,0.1,0.1,6
Alex Armah,CAR,1,0,0,0,1,0,0,0,0.0,0.0,6
Khari Blasingame,TEN,1,0,0,0,1,0,0,0,0.0,0.0,6
Samaje Perine,CIN,1,1,0,0,0,0,0,0,0.0,0.0,6
Patrick Ricard,BAL,1,0,0,0,1,0,0,0,0.0,0.0,6
Jordan Wilkins,IND,1,1,-1,0,1,0,0,0,-0.1,-0.1,6
Jeff Wilson,SF,1,17,112,3,2,2,8,0,30.0,30.0,7
James Robinson,JAC,1,22,119,1,6,4,18,1,25.7,25.7,7
Todd Gurley,ATL,1,23,63,2,3,2,19,0,20.2,20.2,7
Antonio Gibson,WAS,1,20,128,1,1,0,0,0,18.8,18.8,7
Jamaal Williams,GB,1,19,77,1,5,4,37,0,17.4,17.4,7
Kareem Hunt,CLE,1,18,76,0,4,3,26,1,16.2,16.2,7
Giovani Bernard,CIN,1,13,37,0,5,5,59,1,15.6,15.6,7
Boston Scott,PHI,1,12,46,0,5,3,46,1,15.2,15.2,7
Alvin Kamara,NO,1,14,83,0,8,8,65,0,14.8,14.8,7
Chase Edmonds,ARI,1,5,58,0,7,7,87,0,14.5,14.5,7
Carlos Hyde,SEA,1,15,68,1,4,3,8,0,13.6,13.6,7
Derrick Henry,TEN,1,20,75,1,2,2,-3,0,13.2,13.2,7
David Johnson,HOU,1,14,42,0,4,4,42,1,12.4,12.4,7
Clyde Edwards-Helaire,KC,1,8,46,1,4,1,17,0,12.3,12.3,7
Malcolm Brown,LAR,1,10,57,1,1,0,0,0,11.7,11.7,7
La'Mical Perine,NYJ,1,11,39,1,3,2,16,0,11.5,11.5,7
Wayne Gallman,NYG,1,10,34,1,5,5,20,0,11.4,11.4,7
James Conner,PIT,1,20,82,0,5,3,29,0,11.1,11.1,7
D'Andre Swift,DET,1,9,27,1,5,4,21,0,10.8,10.8,7
Melvin Gordon,DEN,1,17,68,1,4,2,12,0,10.0,10.0,7
Leonard Fournette,TB,1,11,50,0,7,6,47,0,9.7,9.7,7
Ronald Jones,TB,1,13,34,1,2,1,2,0,9.6,9.6,7
Kyle Juszczyk,SF,1,4,18,1,2,1,18,0,9.6,9.6,7
Phillip Lindsay,DEN,1,9,79,0,0,0,0,0,7.9,7.9,7
Darrell Henderson,LAR,1,15,64,0,2,2,13,0,7.7,7.7,7
JaMycal Hasty,SF,1,9,57,0,1,1,16,0,7.3,7.3,7
Zack Moss,BUF,1,7,47,0,3,3,25,0,7.2,7.2,7
Damien Harris,NE,1,10,58,0,1,1,12,0,7.0,7.0,7
David Montgomery,CHI,1,14,48,0,5,5,21,0,6.9,6.9,7
Benny Snell,PIT,1,2,2,1,0,0,0,0,6.2,6.2,7
Frank Gore,NYJ,1,11,60,0,0,0,0,0,6.0,6.0,7
Latavius Murray,NO,1,11,47,0,1,1,9,0,5.6,5.6,7
Justin Jackson,LAC,1,5,12,0,6,5,43,0,5.5,5.5,7
Joshua Kelley,LAC,1,12,29,0,5,5,24,0,5.3,5.3,7
Ezekiel Elliott,DAL,1,12,45,0,2,1,6,0,5.1,5.1,7
J.D. McKissic,WAS,1,5,35,0,2,2,16,0,5.1,5.1,7
Rex Burkhead,NE,1,4,12,0,4,3,35,0,4.7,4.7,7
Devin Singletary,BUF,1,8,29,0,5,2,18,0,4.7,4.7,7
Duke Johnson,HOU,1,1,-1,0,5,5,43,0,4.2,4.2,7
Chris Carson,SEA,1,5,34,0,2,1,7,0,4.1,4.1,7
Kenyan Drake,ARI,1,14,34,0,2,1,7,0,4.1,4.1,7
Le'Veon Bell,KC,1,6,39,0,0,0,0,0,3.9,3.9,7
Mike Davis,CAR,1,7,12,0,5,5,24,0,3.6,3.6,7
Peyton Barber,WAS,1,10,34,0,0,0,0,0,3.4,3.4,7
Josh Jacobs,LV,1,10,17,0,4,3,14,0,3.1,3.1,7
Brian Hill,ATL,1,2,3,0,3,3,27,0,3.0,3.0,7
Adrian Peterson,DET,1,11,29,0,1,1,1,0,3.0,3.0,7
Jalen Richard,LV,1,7,24,0,0,0,0,0,2.4,2.4,7
Tony Pollard,DAL,1,8,16,0,1,1,6,0,2.2,2.2,7
Corey Clement,PHI,1,2,9,0,1,1,12,0,2.1,2.1,7
Alec Ingold,LV,1,0,0,0,1,1,21,0,2.1,2.1,7
DeeJay Dallas,SEA,1,0,0,0,3,2,18,0,1.8,1.8,7
Royce Freeman,DEN,1,3,12,0,2,1,5,0,1.7,1.7,7
Devontae Booker,LV,1,3,5,0,2,2,9,0,1.4,1.4,7
Jason Huntley,PHI,1,2,13,0,1,0,0,0,1.3,1.3,7
AJ Dillon,GB,1,5,11,0,0,0,0,0,1.1,1.1,7
Travis Homer,SEA,1,3,10,0,0,0,0,0,1.0,1.0,7
Devonta Freeman,NYG,1,3,8,0,1,0,0,0,0.8,0.8,7
Trenton Cannon,CAR,1,1,7,0,0,0,0,0,0.7,0.7,7
DeAndre Washington,KC,1,3,5,0,1,1,2,0,0.7,0.7,7
Anthony McFarland Jr,PIT,1,1,6,0,1,0,0,0,0.6,0.6,7
Samaje Perine,CIN,1,1,3,0,1,1,3,0,0.6,0.6,7
Troymaine Pope,LAC,1,1,6,0,0,0,0,0,0.6,0.6,7
Jaylen Samuels,PIT,1,1,5,0,0,0,0,0,0.5,0.5,7
D'Ernest Johnson,CLE,1,1,3,0,0,0,0,0,0.3,0.3,7
Dion Lewis,NYG,1,3,23,0,0,0,0,0,0.3,0.3,7
James White,NE,1,0,0,0,1,1,3,0,0.3,0.3,7
Jeremy McNichols,TEN,1,1,2,0,0,0,0,0,0.2,0.2,7
Alex Armah,CAR,1,1,1,0,1,0,0,0,0.1,0.1,7
Jakob Johnson,NE,1,0,0,0,1,1,1,0,0.1,0.1,7
Gabe Nabers,LAC,1,0,0,0,1,0,0,0,0.0,0.0,7
Ito Smith,ATL,1,0,0,0,1,0,0,0,0.0,0.0,7
Jerick McKinnon,SF,1,3,-1,0,0,0,0,0,-0.1,-0.1,7
Dalvin Cook,MIN,1,30,163,3,3,2,63,1,46.6,46.6,8
Zack Moss,BUF,1,14,81,2,1,0,0,0,20.1,20.1,8
Giovani Bernard,CIN,1,15,62,1,4,3,16,1,19.8,19.8,8
Nyheim Hines,IND,1,5,8,0,5,3,54,2,18.2,18.2,8
DeeJay Dallas,SEA,1,18,41,1,5,5,17,1,17.8,17.8,8
Jordan Wilkins,IND,1,20,89,1,1,1,24,0,17.3,17.3,8
Derrick Henry,TEN,1,18,112,1,1,0,0,0,17.2,17.2,8
Alvin Kamara,NO,1,12,67,0,13,9,96,0,16.3,16.3,8
Damien Harris,NE,1,16,102,1,0,0,0,0,16.2,16.2,8
Gus Edwards,BAL,1,16,87,1,1,0,0,0,14.7,14.7,8
Phillip Lindsay,DEN,1,6,83,1,3,1,3,0,14.6,14.6,8
Justin Jackson,LAC,1,17,89,0,5,3,53,0,14.2,14.2,8
Josh Jacobs,LV,1,31,129,0,1,0,0,0,12.9,12.9,8
Wayne Gallman,NYG,1,12,44,1,1,1,18,0,12.2,12.2,8
J.K. Dobbins,BAL,1,15,113,0,2,1,8,0,12.1,12.1,8
James Conner,PIT,1,15,47,1,3,3,13,0,12.0,12.0,8
Todd Gurley,ATL,1,18,46,1,0,0,0,0,10.6,10.6,8
David Montgomery,CHI,1,21,89,0,5,2,16,0,10.5,10.5,8
Myles Gaskin,MIA,1,18,47,1,6,3,16,0,10.3,10.3,8
Jamaal Williams,GB,1,16,75,0,6,6,27,0,10.2,10.2,8
Jerick McKinnon,SF,1,3,-1,1,4,4,40,0,9.9,9.9,8
Troymaine Pope,LAC,1,10,67,0,7,5,28,0,9.5,9.5,8
Samaje Perine,CIN,1,10,32,1,1,1,2,0,9.4,9.4,8
Devin Singletary,BUF,1,14,86,0,1,1,6,0,9.2,9.2,8
JaMycal Hasty,SF,1,12,29,1,1,1,2,0,9.1,9.1,8
Boston Scott,PHI,1,15,70,0,2,2,9,0,7.9,7.9,8
Mike Davis,CAR,1,13,66,0,2,1,11,0,7.7,7.7,8
Kerryon Johnson,DET,1,0,0,0,2,2,15,1,7.5,7.5,8
Ezekiel Elliott,DAL,1,19,63,0,2,1,10,0,7.3,7.3,8
Kareem Hunt,CLE,1,14,66,0,3,2,7,0,7.3,7.3,8
Leonard Fournette,TB,1,15,52,0,6,3,19,0,7.1,7.1,8
Dion Lewis,NYG,1,0,0,0,3,2,8,1,6.8,6.8,8
Brian Hill,ATL,1,11,55,0,3,2,9,0,6.4,6.4,8
Tony Pollard,DAL,1,7,40,0,2,2,24,0,6.4,6.4,8
Gabe Nabers,LAC,1,0,0,0,1,1,2,1,6.2,6.2,8
Darrell Henderson,LAR,1,8,47,0,2,1,11,0,5.8,5.8,8
Malcolm Brown,LAR,1,10,40,0,2,2,17,0,5.7,5.7,8
Cam Akers,LAR,1,9,35,0,1,1,19,0,5.4,5.4,8
Jeremy McNichols,TEN,1,4,49,0,1,0,0,0,4.9,4.9,8
Melvin Gordon,DEN,1,8,26,0,7,6,21,0,4.7,4.7,8
Devontae Booker,LV,1,5,29,0,1,1,17,0,4.6,4.6,8
Le'Veon Bell,KC,1,6,7,0,3,3,31,0,3.8,3.8,8
AJ Dillon,GB,1,5,21,0,1,1,16,0,3.7,3.7,8
D'Onta Foreman,TEN,1,5,37,0,0,0,0,0,3.7,3.7,8
James White,NE,1,2,0,0,4,2,35,0,3.5,3.5,8
La'Mical Perine,NYJ,1,8,27,0,2,2,6,0,3.3,3.3,8
Rex Burkhead,NE,1,6,26,0,1,1,5,0,3.1,3.1,8
Clyde Edwards-Helaire,KC,1,6,21,0,3,3,10,0,3.1,3.1,8
Latavius Murray,NO,1,8,17,0,3,3,14,0,3.1,3.1,8
Jonathan Taylor,IND,1,11,22,0,3,2,9,0,3.1,3.1,8
Frank Gore,NYJ,1,10,30,0,0,0,0,0,3.0,3.0,8
Corey Clement,PHI,1,5,24,0,2,1,4,0,2.8,2.8,8
Alfred Morris,NYG,1,8,28,0,0,0,0,0,2.8,2.8,8
Ronald Jones,TB,1,7,23,0,4,4,23,0,2.6,2.6,8
Darrel Williams,KC,1,3,19,0,1,1,7,0,2.6,2.6,8
Joshua Kelley,LAC,1,7,32,0,1,1,-7,0,2.5,2.5,8
D'Andre Swift,DET,1,6,1,0,4,3,22,0,2.3,2.3,8
Ty Johnson,NYJ,1,3,15,0,1,1,6,0,2.1,2.1,8
Kyle Juszczyk,SF,1,0,0,0,2,2,21,0,2.1,2.1,8
Tevin Coleman,SF,1,3,20,0,0,0,0,0,2.0,2.0,8
Jalen Richard,LV,1,1,6,0,1,1,12,0,1.8,1.8,8
Nick Bellore,SEA,1,1,5,0,1,1,9,0,1.4,1.4,8
Matt Breida,MIA,1,4,13,0,0,0,0,0,1.3,1.3,8
Adrian Peterson,DET,1,5,7,0,1,1,5,0,1.2,1.2,8
D'Ernest Johnson,CLE,1,2,6,0,1,1,5,0,1.1,1.1,8
Elijhaa Penny,NYG,1,0,0,0,1,1,11,0,1.1,1.1,8
Alexander Mattison,MIN,1,3,8,0,0,0,0,0,0.8,0.8,8
Tyler Ervin,GB,1,0,0,0,3,1,7,0,0.7,0.7,8
Khari Blasingame,TEN,1,0,0,0,1,1,5,0,0.5,0.5,8
Travis Homer,SEA,1,1,4,0,0,0,0,0,0.4,0.4,8
Alec Ingold,LV,1,1,3,0,0,0,0,0,0.3,0.3,8
Qadree Ollison,ATL,1,1,3,0,0,0,0,0,0.3,0.3,8
Darwin Thompson,KC,1,4,3,0,1,0,0,0,0.3,0.3,8
C.J. Ham,MIN,1,1,2,0,0,0,0,0,0.2,0.2,8
Ryan Nall,CHI,1,0,0,0,1,1,2,0,0.2,0.2,8
Michael Burton,NO,1,1,1,0,0,0,0,0,0.1,0.1,8
Anthony McFarland Jr,PIT,1,1,1,0,0,0,0,0,0.1,0.1,8
Andy Janovich,CLE,1,0,0,0,1,0,0,0,0.0,0.0,8
Jaylen Samuels,PIT,1,0,0,0,2,0,0,0,0.0,0.0,8
Keith Smith,ATL,1,0,0,0,1,0,0,0,0.0,0.0,8
Dalvin Cook,MIN,1,22,206,2,2,2,46,0,37.2,37.2,9
Christian McCaffrey,CAR,1,18,69,1,10,10,82,1,27.1,27.1,9
James Robinson,JAC,1,25,99,1,2,0,0,0,15.9,15.9,9
Kalen Ballage,LAC,1,15,69,1,3,2,15,0,14.4,14.4,9
Wayne Gallman,NYG,1,14,68,1,2,1,9,0,13.7,13.7,9
Devontae Booker,LV,1,8,68,1,0,0,0,0,12.8,12.8,9
Josh Jacobs,LV,1,14,65,1,1,1,3,0,12.8,12.8,9
Jerick McKinnon,SF,1,12,52,1,4,3,16,0,12.8,12.8,9
Rex Burkhead,NE,1,12,56,1,3,3,11,0,12.7,12.7,9
Todd Gurley,ATL,1,19,53,1,2,2,2,0,11.5,11.5,9
Duke Johnson,HOU,1,16,41,1,4,4,32,0,11.3,11.3,9
Alvin Kamara,NO,1,9,40,1,6,5,9,0,10.9,10.9,9
Zack Moss,BUF,1,9,18,1,2,2,30,0,10.8,10.8,9
DeeJay Dallas,SEA,1,7,31,1,2,2,8,0,9.9,9.9,9
D'Andre Swift,DET,1,13,64,0,5,3,33,0,9.7,9.7,9
Antonio Gibson,WAS,1,6,20,1,3,3,35,0,9.5,9.5,9
Ryan Nall,CHI,1,0,0,0,4,4,35,1,9.5,9.5,9
Clyde Edwards-Helaire,KC,1,5,14,0,5,3,20,1,9.4,9.4,9
Chase Edmonds,ARI,1,25,70,0,3,3,18,0,8.8,8.8,9
Ameer Abdullah,MIN,1,0,0,0,1,1,22,1,8.2,8.2,9
J.D. McKissic,WAS,1,3,17,0,14,9,65,0,8.2,8.2,9
Travis Homer,SEA,1,6,16,0,3,3,64,0,8.0,8.0,9
Jordan Howard,MIA,1,10,19,1,0,0,0,0,7.9,7.9,9
Aaron Jones,GB,1,15,58,0,5,5,21,0,7.9,7.9,9
Gus Edwards,BAL,1,11,23,1,2,2,11,0,7.4,7.4,9
Jonathan Taylor,IND,1,6,27,1,2,2,7,0,7.4,7.4,9
Tyler Ervin,GB,1,8,24,0,5,4,48,0,7.2,7.2,9
Damien Harris,NE,1,14,71,0,0,0,0,0,7.1,7.1,9
Alfred Morris,NYG,1,9,67,0,1,1,4,0,7.1,7.1,9
Ezekiel Elliott,DAL,1,18,51,0,3,2,18,0,6.9,6.9,9
Alexander Mattison,MIN,1,12,69,0,0,0,0,0,6.9,6.9,9
Derrick Henry,TEN,1,21,68,0,0,0,0,0,6.8,6.8,9
Kerryon Johnson,DET,1,4,29,0,3,3,36,0,6.5,6.5,9
Gabe Nabers,LAC,1,0,0,0,1,1,4,1,6.4,6.4,9
Frank Gore,NYJ,1,12,46,0,2,2,13,0,5.9,5.9,9
Joshua Kelley,LAC,1,9,28,0,5,5,31,0,5.9,5.9,9
Tony Pollard,DAL,1,9,57,0,2,1,1,0,5.8,5.8,9
Adrian Peterson,DET,1,8,29,0,5,3,14,0,4.3,4.3,9
Latavius Murray,NO,1,10,39,0,2,2,3,0,4.2,4.2,9
Leonard Fournette,TB,1,1,0,0,6,6,41,0,4.1,4.1,9
Salvon Ahmed,MIA,1,7,38,0,0,0,0,0,3.8,3.8,9
Nyheim Hines,IND,1,2,18,0,3,2,20,0,3.8,3.8,9
La'Mical Perine,NYJ,1,6,19,0,2,2,19,0,3.8,3.8,9
Chris Thompson,JAC,1,1,3,0,4,4,35,0,3.8,3.8,9
Jordan Wilkins,IND,1,11,39,0,2,2,-1,0,3.8,3.8,9
Mike Davis,CAR,1,1,3,0,6,5,34,0,3.7,3.7,9
J.K. Dobbins,BAL,1,12,30,0,2,2,5,0,3.5,3.5,9
Devin Singletary,BUF,1,2,1,0,3,3,33,0,3.4,3.4,9
Melvin Gordon,DEN,1,6,18,0,1,1,9,0,2.7,2.7,9
Brian Hill,ATL,1,8,24,0,1,0,0,0,2.4,2.4,9
James White,NE,1,2,0,0,5,4,24,0,2.4,2.4,9
Phillip Lindsay,DEN,1,8,23,0,3,0,0,0,2.3,2.3,9
Anthony McFarland Jr,PIT,1,3,7,0,2,2,15,0,2.2,2.2,9
David Montgomery,CHI,1,14,30,0,3,3,12,0,2.2,2.2,9
Jalen Richard,LV,1,1,3,0,1,1,19,0,2.2,2.2,9
Dion Lewis,NYG,1,3,5,0,2,2,16,0,2.1,2.1,9
James Conner,PIT,1,9,22,0,2,2,-2,0,2.0,2.0,9
Ronald Jones,TB,1,3,9,0,4,3,9,0,1.8,1.8,9
David Johnson,HOU,1,2,16,0,1,0,0,0,1.6,1.6,9
Patrick Laird,MIA,1,1,-1,0,1,1,17,0,1.6,1.6,9
Michael Burton,NO,1,1,1,0,1,1,12,0,1.3,1.3,9
JaMycal Hasty,SF,1,4,3,0,2,2,10,0,1.3,1.3,9
D'Onta Foreman,TEN,1,5,11,0,0,0,0,0,1.1,1.1,9
Jeremy McNichols,TEN,1,2,10,0,0,0,0,0,1.0,1.0,9
D.J. Foster,ARI,1,1,2,0,1,1,7,0,0.9,0.9,9
Dwayne Washington,NO,1,5,9,0,0,0,0,0,0.9,0.9,9
Dexter Williams,GB,1,2,8,0,0,0,0,0,0.8,0.8,9
Alec Ingold,LV,1,0,0,0,1,1,6,0,0.6,0.6,9
Jakob Johnson,NE,1,0,0,0,2,2,6,0,0.6,0.6,9
Alex Collins,SEA,1,2,5,0,0,0,0,0,0.5,0.5,9
Jason Cabinda,DET,1,0,0,0,1,1,4,0,0.4,0.4,9
Kyle Juszczyk,SF,1,0,0,0,1,1,4,0,0.4,0.4,9
Le'Veon Bell,KC,1,4,8,0,1,1,-5,0,0.3,0.3,9
Darrel Williams,KC,1,0,0,0,1,1,3,0,0.3,0.3,9
Elijhaa Penny,NYG,1,1,2,0,1,0,0,0,0.2,0.2,9
Keith Smith,ATL,1,1,1,0,0,0,0,0,0.1,0.1,9
Benny Snell,PIT,1,3,1,0,0,0,0,0,0.1,0.1,9
Alvin Kamara,NO,1,8,15,2,8,7,83,1,27.8,27.8,10
Josh Jacobs,LV,1,21,112,2,4,4,24,0,25.6,25.6,10
Ronald Jones,TB,1,23,192,1,2,1,6,0,23.8,23.8,10
Nyheim Hines,IND,1,12,70,1,6,5,45,1,23.5,23.5,10
D'Andre Swift,DET,1,16,81,0,5,5,68,1,20.9,20.9,10
Devontae Booker,LV,1,16,81,2,1,1,2,0,20.3,20.3,10
Rex Burkhead,NE,1,6,31,0,5,4,35,2,18.6,18.6,10
Nick Chubb,CLE,1,19,126,1,1,0,0,0,18.6,18.6,10
Antonio Gibson,WAS,1,13,45,2,4,4,20,0,18.5,18.5,10
Wayne Gallman,NYG,1,18,53,2,2,1,7,0,18.0,18.0,10
Malcolm Brown,LAR,1,6,33,2,2,2,18,0,17.1,17.1,10
Salvon Ahmed,MIA,1,21,85,1,1,1,5,0,15.0,15.0,10
Boston Scott,PHI,1,3,63,1,1,1,11,0,13.4,13.4,10
Kareem Hunt,CLE,1,19,104,0,4,3,28,0,13.2,13.2,10
Damien Harris,NE,1,22,121,0,0,0,0,0,12.1,12.1,10
Dalvin Cook,MIN,1,30,96,0,4,4,16,0,11.2,11.2,10
James Robinson,JAC,1,23,109,0,5,2,3,0,11.2,11.2,10
Derrick Henry,TEN,1,19,103,0,2,1,6,0,10.9,10.9,10
J.D. McKissic,WAS,1,8,6,1,15,7,43,0,10.9,10.9,10
Alex Collins,SEA,1,11,43,1,2,1,4,0,10.7,10.7,10
Kalen Ballage,LAC,1,18,68,0,6,5,34,0,10.2,10.2,10
Aaron Jones,GB,1,13,46,0,6,5,49,0,9.5,9.5,10
Miles Sanders,PHI,1,15,85,0,5,2,10,0,9.5,9.5,10
Darrell Henderson,LAR,1,7,28,1,1,1,5,0,9.3,9.3,10
Kenyan Drake,ARI,1,16,100,0,1,1,9,0,8.9,8.9,10
D'Onta Foreman,TEN,1,7,18,0,1,1,5,1,8.3,8.3,10
Chase Edmonds,ARI,1,8,56,0,3,3,21,0,7.7,7.7,10
Gus Edwards,BAL,1,7,42,0,2,1,31,0,7.3,7.3,10
Corey Clement,PHI,1,1,5,1,0,0,0,0,6.5,6.5,10
Latavius Murray,NO,1,9,57,0,0,0,0,0,5.7,5.7,10
Samaje Perine,CIN,1,7,48,0,1,1,7,0,5.5,5.5,10
Jamaal Williams,GB,1,8,30,0,4,3,25,0,5.5,5.5,10
Duke Johnson,HOU,1,14,54,0,1,0,0,0,5.4,5.4,10
James Conner,PIT,1,13,36,0,2,2,12,0,4.8,4.8,10
Giovani Bernard,CIN,1,8,30,0,7,4,17,0,4.7,4.7,10
Melvin Gordon,DEN,1,11,46,0,2,0,0,0,4.6,4.6,10
Jerick McKinnon,SF,1,18,33,0,3,1,13,0,4.6,4.6,10
Mike Davis,CAR,1,7,32,0,5,4,12,0,4.4,4.4,10
Cam Akers,LAR,1,10,38,0,0,0,0,0,3.8,3.8,10
Jonathan Taylor,IND,1,7,12,0,2,2,25,0,3.7,3.7,10
Jeremy McNichols,TEN,1,3,26,0,1,1,8,0,3.4,3.4,10
Alfred Morris,NYG,1,8,34,0,0,0,0,0,3.4,3.4,10
DeeJay Dallas,SEA,1,2,8,0,3,2,23,0,3.1,3.1,10
Leonard Fournette,TB,1,8,19,0,3,2,11,0,3.0,3.0,10
Adrian Peterson,DET,1,4,21,0,1,1,9,0,3.0,3.0,10
Austin Walter,SF,1,1,3,0,1,1,27,0,3.0,3.0,10
Mark Ingram,BAL,1,5,5,0,2,2,24,0,2.9,2.9,10
Jordan Wilkins,IND,1,8,28,0,1,0,0,0,2.8,2.8,10
Royce Freeman,DEN,1,2,11,0,2,2,15,0,2.6,2.6,10
Trayveon Williams,CIN,1,5,22,0,0,0,0,0,2.2,2.2,10
Joshua Kelley,LAC,1,7,21,0,0,0,0,0,2.1,2.1,10
Jakob Johnson,NE,1,0,0,0,2,2,20,0,2.0,2.0,10
Travis Homer,SEA,1,0,0,0,3,3,19,0,1.9,1.9,10
Patrick Laird,MIA,1,2,19,0,0,0,0,0,1.9,1.9,10
Ryan Nall,CHI,1,1,0,0,2,1,18,0,1.8,1.8,10
Dion Lewis,NYG,1,0,0,0,2,2,17,0,1.7,1.7,10
Zack Moss,BUF,1,7,20,0,2,1,-3,0,1.7,1.7,10
Rodney Smith,CAR,1,3,13,0,1,1,2,0,1.5,1.5,10
Peyton Barber,WAS,1,2,7,0,1,1,7,0,1.4,1.4,10
J.K. Dobbins,BAL,1,5,13,0,2,1,1,0,1.4,1.4,10
Khari Blasingame,TEN,1,0,0,0,1,1,13,0,1.3,1.3,10
Benny Snell,PIT,1,3,12,0,0,0,0,0,1.2,1.2,10
Devin Singletary,BUF,1,4,15,0,5,1,-5,0,1.0,1.0,10
JaMycal Hasty,SF,1,3,13,0,2,2,-4,0,0.9,0.9,10
Gabe Nabers,LAC,1,0,0,0,1,1,9,0,0.9,0.9,10
Artavis Pierce,CHI,1,3,9,0,0,0,0,0,0.9,0.9,10
C.J. Ham,MIN,1,0,0,0,1,1,8,0,0.8,0.8,10
James White,NE,1,0,0,0,2,2,8,0,0.8,0.8,10
Lamar Miller,CHI,1,0,0,0,2,2,6,0,0.6,0.6,10
Kyle Juszczyk,SF,1,1,5,0,1,0,0,0,0.5,0.5,10
Dare Ogunbowale,JAC,1,0,0,0,2,1,5,0,0.5,0.5,10
Alexander Mattison,MIN,1,2,4,0,0,0,0,0,0.4,0.4,10
Tyler Ervin,GB,1,1,0,0,1,1,3,0,0.3,0.3,10
Justice Hill,BAL,1,0,0,0,1,1,3,0,0.3,0.3,10
Kerryon Johnson,DET,1,1,3,0,0,0,0,0,0.3,0.3,10
Phillip Lindsay,DEN,1,4,2,0,1,0,0,0,0.2,0.2,10
Patrick Ricard,BAL,1,0,0,0,1,1,2,0,0.2,0.2,10
DeAndre Washington,MIA,1,2,2,0,0,0,0,0,0.2,0.2,10
Elijhaa Penny,NYG,1,1,0,0,0,0,0,0,0.0,0.0,10
C.J. Prosise,HOU,1,0,0,0,1,1,-2,0,-0.2,-0.2,10
Alex Armah,CAR,1,0,0,0,2,2,-5,0,-0.5,-0.5,10
Dalvin Cook,MIN,1,27,115,1,5,5,45,0,20.0,20.0,11
Clyde Edwards-Helaire,KC,1,14,69,2,2,1,8,0,19.7,19.7,11
Derrick Henry,TEN,1,28,133,1,2,1,-1,0,19.2,19.2,11
Melvin Gordon,DEN,1,15,84,2,0,0,0,0,18.4,18.4,11
Ezekiel Elliott,DAL,1,21,103,0,2,2,11,1,17.4,17.4,11
Antonio Gibson,WAS,1,16,94,1,2,1,10,0,16.4,16.4,11
Carlos Hyde,SEA,1,14,79,1,3,2,16,0,15.5,15.5,11
J.K. Dobbins,BAL,1,15,70,1,2,2,15,0,14.5,14.5,11
Mike Davis,CAR,1,19,64,1,2,2,15,0,13.9,13.9,11
Frank Gore,NYJ,1,15,61,1,2,2,10,0,13.1,13.1,11
Aaron Jones,GB,1,10,41,1,4,4,30,0,13.1,13.1,11
Josh Jacobs,LV,1,17,55,1,1,1,9,0,12.4,12.4,11
Kenyan Drake,ARI,1,11,29,1,5,4,31,0,12.0,12.0,11
Tony Pollard,DAL,1,5,60,1,0,0,0,0,12.0,12.0,11
Nick Chubb,CLE,1,20,114,0,0,0,0,0,11.4,11.4,11
Damien Harris,NE,1,11,43,1,2,1,11,0,11.4,11.4,11
Jonathan Taylor,IND,1,22,90,0,4,4,24,0,11.4,11.4,11
Chase Edmonds,ARI,1,2,13,0,4,4,36,1,10.9,10.9,11
Alvin Kamara,NO,1,13,45,1,1,0,0,0,10.5,10.5,11
James Conner,PIT,1,13,89,0,3,3,10,0,9.9,9.9,11
Le'Veon Bell,KC,1,7,25,1,1,1,11,0,9.6,9.6,11
James Robinson,JAC,1,17,73,0,2,2,21,0,9.4,9.4,11
La'Mical Perine,NYJ,1,8,33,1,1,0,0,0,9.3,9.3,11
Leonard Fournette,TB,1,7,17,1,4,1,9,0,8.6,8.6,11
Latavius Murray,NO,1,12,49,0,2,2,36,0,8.5,8.5,11
James White,NE,1,5,19,0,9,6,64,0,8.3,8.3,11
Phillip Lindsay,DEN,1,16,82,0,0,0,0,0,8.2,8.2,11
Kareem Hunt,CLE,1,13,11,1,1,1,10,0,8.1,8.1,11
Cam Akers,LAR,1,5,15,0,1,1,4,1,7.9,7.9,11
Jamaal Williams,GB,1,5,12,0,2,1,4,1,7.6,7.6,11
Benny Snell,PIT,1,7,15,1,0,0,0,0,7.5,7.5,11
Salvon Ahmed,MIA,1,12,43,0,6,5,31,0,7.4,7.4,11
Kalen Ballage,LAC,1,16,44,0,9,7,27,0,7.1,7.1,11
J.D. McKissic,WAS,1,6,43,0,4,3,26,0,6.9,6.9,11
Miles Sanders,PHI,1,16,66,0,5,3,15,0,6.1,6.1,11
Giovani Bernard,CIN,1,9,18,0,5,4,37,0,5.5,5.5,11
Boston Scott,PHI,1,5,24,0,3,3,26,0,5.0,5.0,11
Kerryon Johnson,DET,1,6,17,0,5,2,21,0,3.8,3.8,11
Jordan Wilkins,IND,1,4,21,0,1,1,15,0,3.6,3.6,11
Duke Johnson,HOU,1,10,15,0,5,3,20,0,3.5,3.5,11
Nyheim Hines,IND,1,6,2,0,4,3,31,0,3.3,3.3,11
DeeJay Dallas,SEA,1,1,13,0,2,2,19,0,3.2,3.2,11
Bo Scarbrough,SEA,1,6,31,0,0,0,0,0,3.1,3.1,11
Todd Gurley,ATL,1,8,26,0,2,1,3,0,2.9,2.9,11
Rodney Smith,CAR,1,8,29,0,0,0,0,0,2.9,2.9,11
Peyton Barber,WAS,1,8,28,0,0,0,0,0,2.8,2.8,11
Malcolm Brown,LAR,1,3,20,0,1,1,8,0,2.8,2.8,11
Ronald Jones,TB,1,10,24,0,1,0,0,0,2.4,2.4,11
Darrel Williams,KC,1,0,0,0,3,3,22,0,2.2,2.2,11
Samaje Perine,CIN,1,5,19,0,2,1,2,0,2.1,2.1,11
Devontae Booker,LV,1,5,16,0,1,1,3,0,1.9,1.9,11
Brian Hill,ATL,1,4,18,0,0,0,0,0,1.8,1.8,11
Adrian Peterson,DET,1,7,18,0,1,0,0,0,1.8,1.8,11
Ty Johnson,NYJ,1,0,0,0,6,4,17,0,1.7,1.7,11
Troymaine Pope,LAC,1,3,4,0,2,2,12,0,1.6,1.6,11
Rex Burkhead,NE,1,4,7,0,3,2,5,0,1.2,1.2,11
C.J. Prosise,HOU,1,3,4,0,2,2,8,0,1.2,1.2,11
Alec Ingold,LV,1,0,0,0,3,1,11,0,1.1,1.1,11
Darrell Henderson,LAR,1,8,5,0,3,2,4,0,0.9,0.9,11
Patrick Laird,MIA,1,0,0,0,2,1,8,0,0.8,0.8,11
Gus Edwards,BAL,1,3,6,0,0,0,0,0,0.6,0.6,11
Alexander Mattison,MIN,1,1,6,0,0,0,0,0,0.6,0.6,11
Devine Ozigbo,JAC,1,0,0,0,3,3,5,0,0.5,0.5,11
Patrick Ricard,BAL,1,0,0,0,1,1,5,0,0.5,0.5,11
Ito Smith,ATL,1,1,5,0,0,0,0,0,0.5,0.5,11
Matt Breida,MIA,1,2,4,0,0,0,0,0,0.4,0.4,11
Keith Smith,ATL,1,0,0,0,1,1,4,0,0.4,0.4,11
Anthony McFarland Jr,PIT,1,3,3,0,0,0,0,0,0.3,0.3,11
Mark Ingram,BAL,1,2,2,0,0,0,0,0,0.2,0.2,11
Joshua Kelley,LAC,1,4,-2,0,2,2,4,0,0.2,0.2,11
Jeremy McNichols,TEN,1,0,0,0,1,1,2,0,0.2,0.2,11
D'Onta Foreman,TEN,1,1,1,0,0,0,0,0,0.1,0.1,11
Alex Armah,CAR,1,0,0,0,1,0,0,0,0.0,0.0,11
C.J. Ham,MIN,1,0,0,0,1,0,0,0,0.0,0.0,11
Dare Ogunbowale,JAC,1,0,0,0,2,0,0,0,0.0,0.0,11
Derrick Henry,TEN,1,27,178,3,4,2,7,0,36.5,36.5,12
Antonio Gibson,WAS,1,20,115,3,7,5,21,0,31.6,31.6,12
Latavius Murray,NO,1,19,124,2,1,1,2,0,24.6,24.6,12
Nick Chubb,CLE,1,19,144,1,3,3,32,0,23.6,23.6,12
James Robinson,JAC,1,22,128,1,6,5,31,0,21.9,21.9,12
Kenyan Drake,ARI,1,22,78,2,4,3,15,0,21.3,21.3,12
David Montgomery,CHI,1,11,103,0,6,5,40,1,20.3,20.3,12
Adrian Peterson,DET,1,15,55,2,0,0,0,0,17.5,17.5,12
Ronald Jones,TB,1,9,66,0,2,1,37,1,16.3,16.3,12
Wayne Gallman,NYG,1,24,94,1,5,3,-3,0,15.1,15.1,12
Cam Akers,LAR,1,9,84,1,0,0,0,0,14.4,14.4,12
Duke Johnson,HOU,1,9,37,0,4,3,43,1,14.0,14.0,12
James White,NE,1,5,18,2,1,1,-1,0,13.7,13.7,12
Ito Smith,ATL,1,12,65,1,5,4,10,0,13.5,13.5,12
Jamaal Williams,GB,1,17,73,1,0,0,0,0,13.3,13.3,12
Austin Ekeler,LAC,1,14,44,0,16,11,85,0,12.9,12.9,12
Chris Carson,SEA,1,8,41,1,2,2,18,0,11.9,11.9,12
Nyheim Hines,IND,1,10,29,0,10,8,66,0,9.5,9.5,12
Joshua Kelley,LAC,1,7,35,1,0,0,0,0,9.5,9.5,12
Benny Snell,PIT,1,16,60,0,4,3,33,0,9.3,9.3,12
Aaron Jones,GB,1,17,90,0,2,1,0,0,9.0,9.0,12
Frank Gore,NYJ,1,18,74,0,3,3,12,0,8.6,8.6,12
Raheem Mostert,SF,1,16,43,1,2,2,0,0,8.3,8.3,12
Devin Singletary,BUF,1,11,82,0,3,3,20,0,8.2,8.2,12
Mike Davis,CAR,1,15,55,0,6,3,24,0,7.9,7.9,12
Kerryon Johnson,DET,1,11,46,0,4,4,52,0,7.8,7.8,12
Gus Edwards,BAL,1,9,10,1,0,0,0,0,7.0,7.0,12
Zack Moss,BUF,1,9,59,0,2,2,9,0,6.8,6.8,12
Dalvin Cook,MIN,1,18,61,0,4,4,21,0,6.2,6.2,12
Kareem Hunt,CLE,1,10,62,0,2,0,0,0,6.2,6.2,12
DeAndre Washington,MIA,1,13,49,0,5,2,11,0,6.0,6.0,12
Peyton Barber,WAS,1,11,57,0,0,0,0,0,5.7,5.7,12
Jordan Wilkins,IND,1,6,22,0,4,3,35,0,5.7,5.7,12
Brian Hill,ATL,1,13,55,0,1,0,0,0,5.5,5.5,12
C.J. Prosise,HOU,1,5,12,0,1,1,2,1,5.4,5.4,12
Matt Breida,MIA,1,8,36,0,2,2,17,0,5.3,5.3,12
Alvin Kamara,NO,1,11,54,0,2,1,-2,0,5.2,5.2,12
Royce Freeman,DEN,1,8,50,0,0,0,0,0,5.0,5.0,12
Giovani Bernard,CIN,1,8,32,0,3,2,17,0,4.9,4.9,12
Damien Harris,NE,1,14,47,0,0,0,0,0,4.7,4.7,12
Boston Scott,PHI,1,2,7,0,6,5,40,0,4.7,4.7,12
Chase Edmonds,ARI,1,6,29,0,5,4,14,0,4.3,4.3,12
Justice Hill,BAL,1,9,35,0,2,2,5,0,4.0,4.0,12
Clyde Edwards-Helaire,KC,1,11,37,0,1,1,2,0,3.9,3.9,12
Le'Veon Bell,KC,1,5,22,0,2,2,10,0,3.2,3.2,12
Kyle Juszczyk,SF,1,2,8,0,2,2,24,0,3.2,3.2,12
Jerick McKinnon,SF,1,3,21,0,3,2,11,0,3.2,3.2,12
Melvin Gordon,DEN,1,12,31,0,0,0,0,0,3.1,3.1,12
Carlos Hyde,SEA,1,15,22,0,3,2,7,0,2.9,2.9,12
D'Onta Foreman,TEN,1,4,28,0,0,0,0,0,2.8,2.8,12
J.D. McKissic,WAS,1,1,6,0,2,2,21,0,2.7,2.7,12
Anthony McFarland Jr,PIT,1,3,9,0,1,1,17,0,2.6,2.6,12
Josh Jacobs,LV,1,7,27,0,3,3,17,0,2.4,2.4,12
Jeff Wilson,SF,1,12,43,0,0,0,0,0,2.3,2.3,12
Tony Pollard,DAL,1,4,12,0,2,2,10,0,2.2,2.2,12
Miles Sanders,PHI,1,6,15,0,3,2,7,0,2.2,2.2,12
Leonard Fournette,TB,1,3,10,0,3,3,10,0,2.0,2.0,12
Phillip Lindsay,DEN,1,9,20,0,0,0,0,0,2.0,2.0,12
Jeremy McNichols,TEN,1,8,20,0,1,0,0,0,2.0,2.0,12
Ezekiel Elliott,DAL,1,10,32,0,3,1,7,0,1.9,1.9,12
Darrell Henderson,LAR,1,10,19,0,1,0,0,0,1.9,1.9,12
Trenton Cannon,CAR,1,3,17,0,1,1,1,0,1.8,1.8,12
Rodney Smith,CAR,1,7,18,0,1,0,0,0,1.8,1.8,12
Dion Lewis,NYG,1,2,10,0,3,1,7,0,1.7,1.7,12
Khari Blasingame,TEN,1,0,0,0,1,1,16,0,1.6,1.6,12
Trayveon Williams,CIN,1,1,-2,0,1,1,13,0,1.1,1.1,12
C.J. Ham,MIN,1,1,10,0,0,0,0,0,1.0,1.0,12
Ryan Nall,CHI,1,0,0,0,1,1,10,0,1.0,1.0,12
Patrick Laird,MIA,1,1,9,0,0,0,0,0,0.9,0.9,12
Alfred Morris,NYG,1,4,8,0,0,0,0,0,0.8,0.8,12
Corey Clement,PHI,1,1,6,0,0,0,0,0,0.6,0.6,12
Alexander Mattison,MIN,1,2,6,0,0,0,0,0,0.6,0.6,12
Dwayne Washington,NO,1,3,6,0,0,0,0,0,0.6,0.6,12
Jonathan Williams,DET,1,1,5,0,4,4,21,0,0.6,0.6,12
Devontae Booker,LV,1,5,6,0,4,1,-1,0,0.5,0.5,12
Tony Brooks-James,ATL,1,3,4,0,0,0,0,0,0.4,0.4,12
Ty Johnson,NYJ,1,2,3,0,2,1,1,0,0.4,0.4,12
Samaje Perine,CIN,1,0,0,0,1,1,2,0,0.2,0.2,12
Josh Adams,NYJ,1,1,1,0,0,0,0,0,0.1,0.1,12
Troymaine Pope,LAC,1,1,-1,0,1,1,2,0,0.1,0.1,12
Jason Cabinda,DET,1,1,0,0,1,0,0,0,0.0,0.0,12
Keith Smith,ATL,1,0,0,0,1,0,0,0,0.0,0.0,12
Malcolm Brown,LAR,1,3,4,0,3,2,15,0,-0.1,-0.1,12
David Montgomery,CHI,1,17,72,2,4,4,39,0,23.1,23.1,13
Aaron Jones,GB,1,15,130,1,3,3,18,0,20.8,20.8,13
Jonathan Taylor,IND,1,13,91,0,3,3,44,1,19.5,19.5,13
Dalvin Cook,MIN,1,32,120,0,9,6,59,0,17.9,17.9,13
Ty Johnson,NYJ,1,22,104,1,2,2,13,0,17.7,17.7,13
Adrian Peterson,DET,1,16,57,2,1,0,0,0,17.7,17.7,13
Chris Carson,SEA,1,13,65,0,6,3,45,1,17.0,17.0,13
James Robinson,JAC,1,18,78,1,6,6,30,0,16.8,16.8,13
Nick Chubb,CLE,1,18,80,1,1,1,26,0,16.6,16.6,13
Alfred Morris,NYG,1,8,39,1,1,1,6,1,16.5,16.5,13
Alvin Kamara,NO,1,15,88,1,3,2,9,0,15.7,15.7,13
Cam Akers,LAR,1,21,72,1,1,1,22,0,15.4,15.4,13
Melvin Gordon,DEN,1,15,131,0,2,1,11,0,14.2,14.2,13
Wayne Gallman,NYG,1,16,135,0,0,0,0,0,13.5,13.5,13
Darrell Henderson,LAR,1,3,49,1,3,2,25,0,13.4,13.4,13
J.K. Dobbins,BAL,1,11,71,1,0,0,0,0,13.1,13.1,13
Myles Gaskin,MIA,1,21,90,0,2,2,51,0,12.1,12.1,13
Kenyan Drake,ARI,1,10,49,1,3,2,9,0,11.8,11.8,13
David Johnson,HOU,1,10,44,1,2,0,0,0,10.4,10.4,13
Gus Edwards,BAL,1,7,101,0,0,0,0,0,10.1,10.1,13
Ezekiel Elliott,DAL,1,18,77,0,6,4,18,0,9.5,9.5,13
Damien Harris,NE,1,16,80,0,1,1,15,0,9.5,9.5,13
Nyheim Hines,IND,1,6,10,1,3,3,22,0,9.2,9.2,13
Peyton Barber,WAS,1,14,23,1,0,0,0,0,8.3,8.3,13
Devin Singletary,BUF,1,18,61,0,4,3,22,0,8.3,8.3,13
J.D. McKissic,WAS,1,5,8,0,10,10,70,0,7.8,7.8,13
Jeremy McNichols,TEN,1,2,2,1,4,3,15,0,7.7,7.7,13
Josh Adams,NYJ,1,8,74,0,0,0,0,0,7.4,7.4,13
C.J. Ham,MIN,1,0,0,0,1,1,12,1,7.2,7.2,13
Kyle Juszczyk,SF,1,2,5,0,1,1,6,1,7.1,7.1,13
Austin Ekeler,LAC,1,8,36,0,9,4,32,0,6.8,6.8,13
Jeff Wilson,SF,1,7,47,0,5,2,12,0,5.9,5.9,13
Sony Michel,NE,1,10,35,0,1,1,23,0,5.8,5.8,13
Kareem Hunt,CLE,1,14,33,0,3,3,24,0,5.7,5.7,13
Le'Veon Bell,KC,1,11,40,0,3,2,15,0,5.5,5.5,13
Devontae Booker,LV,1,16,50,0,2,1,1,0,5.1,5.1,13
Derrick Henry,TEN,1,15,60,0,1,1,9,0,4.9,4.9,13
Chase Edmonds,ARI,1,6,28,0,6,2,15,0,4.3,4.3,13
Raheem Mostert,SF,1,9,42,0,1,1,1,0,4.3,4.3,13
Darrel Williams,KC,1,6,38,0,2,1,5,0,4.3,4.3,13
Kalen Ballage,LAC,1,7,34,0,4,3,5,0,3.9,3.9,13
Jamaal Williams,GB,1,5,26,0,2,2,10,0,3.6,3.6,13
Ito Smith,ATL,1,8,36,0,2,1,-2,0,3.4,3.4,13
Duke Johnson,HOU,1,2,8,0,6,6,24,0,3.2,3.2,13
Miles Sanders,PHI,1,10,31,0,1,0,0,0,3.1,3.1,13
Ameer Abdullah,MIN,1,2,11,0,1,1,18,0,2.9,2.9,13
Giovani Bernard,CIN,1,12,30,0,2,2,-1,0,2.9,2.9,13
Mark Ingram,BAL,1,6,28,0,1,1,1,0,2.9,2.9,13
Tony Pollard,DAL,1,8,22,0,1,1,6,0,2.8,2.8,13
Malcolm Brown,LAR,1,3,-3,0,1,1,30,0,2.7,2.7,13
Phillip Lindsay,DEN,1,14,26,0,1,0,0,0,2.6,2.6,13
Patrick Laird,MIA,1,3,6,0,3,2,16,0,2.2,2.2,13
Todd Gurley,ATL,1,8,16,0,1,1,4,0,2.0,2.0,13
Jordan Howard,PHI,1,4,19,0,0,0,0,0,1.9,1.9,13
Brian Hill,ATL,1,5,18,0,0,0,0,0,1.8,1.8,13
Jordan Wilkins,IND,1,5,12,0,2,2,6,0,1.8,1.8,13
Latavius Murray,NO,1,5,17,0,2,2,0,0,1.7,1.7,13
Jalen Richard,LV,1,4,11,0,1,1,6,0,1.7,1.7,13
Anthony McFarland Jr,PIT,1,4,15,0,1,0,0,0,1.5,1.5,13
Antonio Gibson,WAS,1,2,14,0,0,0,0,0,1.4,1.4,13
Zack Moss,BUF,1,3,9,0,1,1,5,0,1.4,1.4,13
Jaylen Samuels,PIT,1,1,1,0,4,3,11,0,1.2,1.2,13
DeeJay Dallas,SEA,1,0,0,0,3,2,11,0,1.1,1.1,13
Carlos Hyde,SEA,1,2,1,0,3,3,10,0,1.1,1.1,13
Kerryon Johnson,DET,1,3,3,0,3,2,8,0,1.1,1.1,13
Patrick Ricard,BAL,1,0,0,0,2,2,11,0,1.1,1.1,13
Benny Snell,PIT,1,8,5,0,3,2,5,0,1.0,1.0,13
Theo Riddick,LV,1,3,6,0,1,1,3,0,0.9,0.9,13
Boston Scott,PHI,1,2,9,0,2,0,0,0,0.9,0.9,13
Elijhaa Penny,NYG,1,2,8,0,0,0,0,0,0.8,0.8,13
Dare Ogunbowale,JAC,1,2,7,0,2,0,0,0,0.7,0.7,13
Samaje Perine,CIN,1,3,7,0,0,0,0,0,0.7,0.7,13
Dion Lewis,NYG,1,3,6,0,0,0,0,0,0.6,0.6,13
D'Ernest Johnson,CLE,1,0,0,0,1,1,5,0,0.5,0.5,13
Justice Hill,BAL,1,0,0,0,1,1,4,0,0.4,0.4,13
Joshua Kelley,LAC,1,0,0,0,2,2,3,0,0.3,0.3,13
Frank Gore,NYJ,1,1,2,0,0,0,0,0,0.2,0.2,13
Alec Ingold,LV,1,0,0,0,1,1,2,0,0.2,0.2,13
Jakob Johnson,NE,1,0,0,0,1,1,1,0,0.1,0.1,13
James White,NE,1,0,0,0,4,3,1,0,0.1,0.1,13
Tevin Coleman,SF,1,2,-11,0,0,0,0,0,-1.1,-1.1,13
Derrick Henry,TEN,1,26,215,2,2,2,7,0,34.2,34.2,14
Jonathan Taylor,IND,1,20,150,2,2,2,15,0,28.5,28.5,14
Miles Sanders,PHI,1,14,115,2,5,4,21,0,25.6,25.6,14
Kareem Hunt,CLE,1,6,33,1,7,6,77,1,23.0,23.0,14
Nick Chubb,CLE,1,17,82,2,2,2,21,0,22.3,22.3,14
David Montgomery,CHI,1,11,113,1,4,3,42,0,21.5,21.5,14
Mike Davis,CAR,1,11,51,2,6,5,42,0,21.3,21.3,14
Cam Akers,LAR,1,29,171,0,3,2,23,0,19.4,19.4,14
Gus Edwards,BAL,1,7,49,2,1,1,4,0,17.3,17.3,14
Dalvin Cook,MIN,1,22,102,1,4,2,8,0,17.0,17.0,14
Chris Carson,SEA,1,12,76,1,5,3,22,0,15.8,15.8,14
Alvin Kamara,NO,1,11,50,1,10,7,44,0,15.4,15.4,14
Kenyan Drake,ARI,1,23,80,1,1,1,10,0,15.0,15.0,14
Austin Ekeler,LAC,1,15,79,0,9,9,67,0,14.6,14.6,14
Ronald Jones,TB,1,18,80,1,2,1,4,0,14.4,14.4,14
J.K. Dobbins,BAL,1,13,53,1,0,0,0,0,11.3,11.3,14
D'Andre Swift,DET,1,7,24,1,5,4,26,0,11.0,11.0,14
Tony Pollard,DAL,1,11,39,0,2,2,9,1,10.8,10.8,14
Clyde Edwards-Helaire,KC,1,16,32,0,6,5,59,0,9.1,9.1,14
Melvin Gordon,DEN,1,13,68,0,3,3,23,0,9.1,9.1,14
J.D. McKissic,WAS,1,11,68,0,4,2,18,0,8.6,8.6,14
Jeff Wilson,SF,1,11,31,1,3,1,13,0,8.4,8.4,14
James Robinson,JAC,1,12,67,0,4,4,16,0,8.3,8.3,14
Kyle Juszczyk,SF,1,1,3,0,3,2,15,1,7.8,7.8,14
Nyheim Hines,IND,1,7,58,0,4,4,17,0,7.5,7.5,14
Aaron Jones,GB,1,15,69,0,3,2,6,0,7.5,7.5,14
Josh Jacobs,LV,1,13,49,0,5,3,25,0,7.4,7.4,14
Wayne Gallman,NYG,1,12,57,0,4,3,16,0,7.3,7.3,14
Kerryon Johnson,DET,1,2,3,1,1,1,10,0,7.3,7.3,14
Raheem Mostert,SF,1,14,65,0,4,2,5,0,7.0,7.0,14
Carlos Hyde,SEA,1,15,66,0,0,0,0,0,6.6,6.6,14
Ezekiel Elliott,DAL,1,12,48,0,3,2,11,0,5.9,5.9,14
Duke Johnson,HOU,1,8,26,0,2,2,53,0,5.9,5.9,14
Dion Lewis,NYG,1,2,14,1,0,0,0,0,5.4,5.4,14
Chase Edmonds,ARI,1,7,32,0,5,4,21,0,5.3,5.3,14
DeAndre Washington,MIA,1,13,35,0,4,2,17,0,5.2,5.2,14
Damien Harris,NE,1,11,50,0,2,1,0,0,5.0,5.0,14
Buddy Howell,HOU,1,11,42,0,2,1,3,0,4.5,4.5,14
Ito Smith,ATL,1,11,42,0,1,1,3,0,4.5,4.5,14
Zack Moss,BUF,1,13,43,0,1,0,0,0,4.3,4.3,14
Trayveon Williams,CIN,1,12,49,0,3,3,14,0,4.3,4.3,14
Samaje Perine,CIN,1,10,32,0,2,2,9,0,4.1,4.1,14
Jalen Richard,LV,1,2,10,0,5,4,31,0,4.1,4.1,14
Peyton Barber,WAS,1,12,37,0,3,2,1,0,3.8,3.8,14
Jamaal Williams,GB,1,10,38,0,0,0,0,0,3.8,3.8,14
Le'Veon Bell,KC,1,2,21,0,3,2,14,0,3.5,3.5,14
LeSean McCoy,TB,1,4,32,0,1,1,3,0,3.5,3.5,14
Devin Singletary,BUF,1,7,32,0,1,1,2,0,3.4,3.4,14
Jaylen Samuels,PIT,1,4,15,0,4,3,18,0,3.3,3.3,14
Todd Gurley,ATL,1,6,19,0,3,2,12,0,3.1,3.1,14
Phillip Lindsay,DEN,1,11,24,0,2,2,7,0,3.1,3.1,14
Josh Adams,NYJ,1,6,27,0,2,2,3,0,3.0,3.0,14
Devine Ozigbo,JAC,1,0,0,0,4,4,30,0,3.0,3.0,14
Adrian Peterson,DET,1,4,7,0,1,1,23,0,3.0,3.0,14
Rodney Smith,CAR,1,2,10,0,2,2,14,0,2.4,2.4,14
Patrick Laird,MIA,1,4,19,0,1,1,4,0,2.3,2.3,14
C.J. Ham,MIN,1,1,0,0,3,3,22,0,2.2,2.2,14
Sony Michel,NE,1,7,22,0,1,0,0,0,2.2,2.2,14
Ameer Abdullah,MIN,1,3,11,0,2,2,10,0,2.1,2.1,14
Kalen Ballage,LAC,1,7,14,0,2,1,6,0,2.0,2.0,14
Devontae Booker,LV,1,4,8,0,3,3,11,0,1.9,1.9,14
Justin Jackson,LAC,1,3,9,0,3,3,10,0,1.9,1.9,14
James Conner,PIT,1,10,18,0,0,0,0,0,1.8,1.8,14
James White,NE,1,3,16,0,2,1,2,0,1.8,1.8,14
Boston Scott,PHI,1,3,6,0,1,1,11,0,1.7,1.7,14
Ty Johnson,NYJ,1,8,16,0,0,0,0,0,1.6,1.6,14
Brian Hill,ATL,1,1,3,0,1,1,12,0,1.5,1.5,14
Benny Snell,PIT,1,3,14,0,0,0,0,0,1.4,1.4,14
Mike Boone,MIN,1,2,8,0,1,1,4,0,1.2,1.2,14
Dare Ogunbowale,JAC,1,0,0,0,1,1,12,0,1.2,1.2,14
C.J. Prosise,HOU,1,1,2,0,1,1,10,0,1.2,1.2,14
Frank Gore,NYJ,1,8,23,0,1,1,8,0,1.1,1.1,14
Jeremy McNichols,TEN,1,11,9,0,1,1,0,0,0.9,0.9,14
DeeJay Dallas,SEA,1,4,7,0,0,0,0,0,0.7,0.7,14
Alfred Morris,NYG,1,3,7,0,0,0,0,0,0.7,0.7,14
Latavius Murray,NO,1,4,13,0,1,1,-6,0,0.7,0.7,14
Jordan Wilkins,IND,1,1,3,0,2,1,4,0,0.7,0.7,14
Darrell Henderson,LAR,1,2,5,0,0,0,0,0,0.5,0.5,14
Justice Hill,BAL,1,1,4,0,0,0,0,0,0.4,0.4,14
Giovani Bernard,CIN,1,3,8,0,3,3,15,0,0.3,0.3,14
Gabe Nabers,LAC,1,1,3,0,0,0,0,0,0.3,0.3,14
Keith Smith,ATL,1,1,3,0,2,1,-2,0,0.1,0.1,14
Alex Armah,CAR,1,0,0,0,1,1,0,0,0.0,0.0,14
Malcolm Brown,LAR,1,0,0,0,1,0,0,0,0.0,0.0,14
Alec Ingold,LV,1,0,0,0,1,1,0,0,0.0,0.0,14
Andy Janovich,CLE,1,0,0,0,1,0,0,0,0.0,0.0,14
Anthony Sherman,KC,1,0,0,0,1,0,0,0,0.0,0.0,14
Trenton Cannon,CAR,1,1,-2,0,0,0,0,0,-0.2,-0.2,14
Ke'Shawn Vaughn,TB,1,1,-3,0,0,0,0,0,-0.3,-0.3,14
David Montgomery,CHI,1,32,146,2,2,1,16,0,28.2,28.2,15
Tony Pollard,DAL,1,12,69,2,9,6,63,0,25.2,25.2,15
Dalvin Cook,MIN,1,24,132,1,5,5,27,0,21.9,21.9,15
Aaron Jones,GB,1,20,145,1,4,3,13,0,21.8,21.8,15
Giovani Bernard,CIN,1,25,83,1,1,1,14,1,21.7,21.7,15
Derrick Henry,TEN,1,24,147,1,2,2,5,0,21.2,21.2,15
Melvin Gordon,DEN,1,11,61,2,4,4,20,0,20.1,20.1,15
Salvon Ahmed,MIA,1,23,122,1,3,1,5,0,18.7,18.7,15
Leonard Fournette,TB,1,14,49,2,5,3,16,0,18.5,18.5,15
D'Andre Swift,DET,1,15,67,2,5,4,15,0,18.2,18.2,15
Josh Jacobs,LV,1,26,76,1,3,3,38,0,17.4,17.4,15
J.D. McKissic,WAS,1,13,51,0,10,9,56,1,16.7,16.7,15
Benny Snell,PIT,1,18,84,1,4,3,23,0,16.7,16.7,15
Jonathan Taylor,IND,1,16,83,1,5,4,12,0,15.5,15.5,15
Alvin Kamara,NO,1,11,54,0,6,3,40,1,15.4,15.4,15
Devin Singletary,BUF,1,8,68,1,3,3,16,0,14.4,14.4,15
J.K. Dobbins,BAL,1,14,64,1,1,1,17,0,14.1,14.1,15
Le'Veon Bell,KC,1,15,62,1,1,1,14,0,13.6,13.6,15
David Johnson,HOU,1,8,27,0,11,11,106,0,13.3,13.3,15
Nick Chubb,CLE,1,15,50,1,2,2,16,0,12.6,12.6,15
Chase Edmonds,ARI,1,11,47,0,5,3,19,1,12.6,12.6,15
Frank Gore,NYJ,1,23,59,1,1,1,6,0,12.5,12.5,15
Carlos Hyde,SEA,1,2,55,1,3,2,8,0,12.3,12.3,15
Jeff Wilson,SF,1,16,60,1,4,0,0,0,12.0,12.0,15
Darrynton Evans,TEN,1,8,30,0,2,2,27,1,11.7,11.7,15
Ty Johnson,NYJ,1,3,16,0,6,6,39,1,11.5,11.5,15
James Robinson,JAC,1,16,35,0,3,3,18,1,11.3,11.3,15
Miles Sanders,PHI,1,17,64,0,2,1,26,0,9.0,9.0,15
Latavius Murray,NO,1,4,3,0,3,2,26,1,8.9,8.9,15
Matt Breida,MIA,1,12,86,0,0,0,0,0,8.6,8.6,15
Clyde Edwards-Helaire,KC,1,14,79,0,3,1,4,0,8.3,8.3,15
Sony Michel,NE,1,10,74,0,1,1,8,0,8.2,8.2,15
Zack Moss,BUF,1,13,81,0,0,0,0,0,8.1,8.1,15
Austin Ekeler,LAC,1,13,60,0,4,4,19,0,7.9,7.9,15
Gus Edwards,BAL,1,9,42,0,2,2,36,0,7.8,7.8,15
Kalen Ballage,LAC,1,8,11,1,0,0,0,0,7.1,7.1,15
Chris Carson,SEA,1,15,63,0,3,2,6,0,6.9,6.9,15
Raheem Mostert,SF,1,14,68,0,0,0,0,0,6.8,6.8,15
Peyton Barber,WAS,1,4,5,1,1,0,0,0,6.5,6.5,15
Cam Akers,LAR,1,15,63,0,3,1,-1,0,6.2,6.2,15
Mike Davis,CAR,1,14,59,0,2,2,2,0,6.1,6.1,15
James White,NE,1,2,3,0,4,4,52,0,5.5,5.5,15
Nyheim Hines,IND,1,5,43,0,3,2,11,0,5.4,5.4,15
Rodney Smith,CAR,1,4,23,0,4,3,24,0,4.7,4.7,15
Phillip Lindsay,DEN,1,11,38,0,3,3,7,0,4.5,4.5,15
Kenyan Drake,ARI,1,10,26,0,2,2,14,0,4.0,4.0,15
Alfred Morris,NYG,1,7,39,0,0,0,0,0,3.9,3.9,15
Ito Smith,ATL,1,6,24,0,3,2,9,0,3.3,3.3,15
Patrick Laird,MIA,1,2,20,0,2,2,12,0,3.2,3.2,15
LeSean McCoy,TB,1,0,0,0,3,3,32,0,3.2,3.2,15
Keith Smith,ATL,1,0,0,0,3,3,32,0,3.2,3.2,15
Wayne Gallman,NYG,1,9,29,0,0,0,0,0,2.9,2.9,15
Kyle Juszczyk,SF,1,2,4,0,2,1,25,0,2.9,2.9,15
Kareem Hunt,CLE,1,7,21,0,3,3,7,0,2.8,2.8,15
Dare Ogunbowale,JAC,1,2,17,0,1,1,8,0,2.5,2.5,15
D'Ernest Johnson,CLE,1,4,24,0,0,0,0,0,2.4,2.4,15
Adrian Peterson,DET,1,6,23,0,0,0,0,0,2.3,2.3,15
Buddy Howell,HOU,1,5,22,0,0,0,0,0,2.2,2.2,15
Jerick McKinnon,SF,1,0,0,0,2,2,22,0,2.2,2.2,15
Jamaal Williams,GB,1,1,6,0,2,2,14,0,2.0,2.0,15
AJ Dillon,GB,1,1,18,0,0,0,0,0,1.8,1.8,15
Dion Lewis,NYG,1,1,4,0,2,2,14,0,1.8,1.8,15
Scottie Phillips,HOU,1,2,9,0,1,1,7,0,1.6,1.6,15
Jaylen Samuels,PIT,1,1,4,0,1,1,12,0,1.6,1.6,15
Alexander Mattison,MIN,1,1,1,0,1,1,14,0,1.5,1.5,15
Todd Gurley,ATL,1,1,-1,0,2,2,15,0,1.4,1.4,15
Anthony McFarland Jr,PIT,1,1,5,0,1,1,9,0,1.4,1.4,15
Samaje Perine,CIN,1,4,14,0,0,0,0,0,1.4,1.4,15
Devontae Booker,LV,1,3,12,0,0,0,0,0,1.2,1.2,15
Tevin Coleman,SF,1,3,11,0,0,0,0,0,1.1,1.1,15
Rico Dowdle,DAL,1,4,11,0,0,0,0,0,1.1,1.1,15
Elijhaa Penny,NYG,1,1,2,0,1,1,9,0,1.1,1.1,15
Malcolm Brown,LAR,1,1,4,0,1,1,6,0,1.0,1.0,15
Patrick Ricard,BAL,1,0,0,0,3,2,10,0,1.0,1.0,15
Alex Armah,CAR,1,0,0,0,1,1,9,0,0.9,0.9,15
Michael Burton,NO,1,0,0,0,1,1,9,0,0.9,0.9,15
Justice Hill,BAL,1,0,0,0,1,1,8,0,0.8,0.8,15
Joshua Kelley,LAC,1,2,8,0,0,0,0,0,0.8,0.8,15
Trayveon Williams,CIN,1,2,8,0,0,0,0,0,0.8,0.8,15
Brian Hill,ATL,1,5,-2,0,2,2,9,0,0.7,0.7,15
Jalen Richard,LV,1,0,0,0,1,1,7,0,0.7,0.7,15
Boston Scott,PHI,1,0,0,0,1,1,7,0,0.7,0.7,15
Rashaad Penny,SEA,1,2,6,0,0,0,0,0,0.6,0.6,15
Jeremy McNichols,TEN,1,0,0,0,1,1,5,0,0.5,0.5,15
Darrel Williams,KC,1,3,5,0,0,0,0,0,0.5,0.5,15
Royce Freeman,DEN,1,1,4,0,0,0,0,0,0.4,0.4,15
Devine Ozigbo,JAC,1,0,0,0,1,1,4,0,0.4,0.4,15
Ke'Shawn Vaughn,TB,1,2,4,0,1,0,0,0,0.4,0.4,15
Darrell Henderson,LAR,1,1,-2,0,1,1,5,0,0.3,0.3,15
Alec Ingold,LV,1,1,2,0,1,0,0,0,0.2,0.2,15
J.J. Taylor,NE,1,1,2,0,0,0,0,0,0.2,0.2,15
Jakob Johnson,NE,1,0,0,0,1,0,0,0,0.0,0.0,15
Gabe Nabers,LAC,1,0,0,0,1,0,0,0,0.0,0.0,15
Theo Riddick,LV,1,1,-5,0,0,0,0,0,-0.5,-0.5,15
Alvin Kamara,NO,1,22,155,6,5,3,17,0,53.2,53.2,16
Myles Gaskin,MIA,1,14,87,0,5,5,82,2,28.9,28.9,16
Jeff Wilson,SF,1,22,183,0,2,1,21,1,26.4,26.4,16
David Johnson,HOU,1,12,128,1,3,3,11,1,25.9,25.9,16
Samaje Perine,CIN,1,13,95,2,4,4,41,0,25.6,25.6,16
AJ Dillon,GB,1,21,124,2,1,1,5,0,24.9,24.9,16
Jonathan Taylor,IND,1,18,74,2,1,0,0,0,19.4,19.4,16
David Montgomery,CHI,1,23,95,1,2,2,26,0,18.1,18.1,16
J.D. McKissic,WAS,1,4,15,0,10,8,77,1,15.2,15.2,16
Dalvin Cook,MIN,1,15,73,1,2,2,12,0,14.5,14.5,16
Miles Sanders,PHI,1,15,57,1,6,4,27,0,14.4,14.4,16
Ezekiel Elliott,DAL,1,19,105,0,4,4,34,0,13.9,13.9,16
J.K. Dobbins,BAL,1,11,77,1,1,0,0,0,13.7,13.7,16
Kyle Juszczyk,SF,1,1,3,0,3,2,10,2,13.3,13.3,16
Giovani Bernard,CIN,1,16,65,0,8,7,66,0,13.1,13.1,16
Austin Ekeler,LAC,1,10,45,0,3,3,23,1,12.8,12.8,16
Nick Chubb,CLE,1,11,28,1,5,5,38,0,12.6,12.6,16
Leonard Fournette,TB,1,9,34,1,3,3,32,0,12.6,12.6,16
James Conner,PIT,1,5,20,1,5,5,45,0,12.5,12.5,16
Gus Edwards,BAL,1,15,85,0,2,2,37,0,12.2,12.2,16
Zack Moss,BUF,1,12,57,1,1,1,0,0,11.7,11.7,16
Kareem Hunt,CLE,1,4,11,1,5,3,41,0,11.2,11.2,16
Kenyan Drake,ARI,1,18,45,1,2,2,5,0,11.0,11.0,16
Aaron Jones,GB,1,10,94,0,3,2,14,0,10.8,10.8,16
Derrick Henry,TEN,1,23,98,0,0,0,0,0,9.8,9.8,16
Latavius Murray,NO,1,12,72,0,3,3,24,0,9.6,9.6,16
Mike Davis,CAR,1,14,28,1,0,0,0,0,8.8,8.8,16
Artavis Pierce,CHI,1,2,26,1,0,0,0,0,8.6,8.6,16
Chris Carson,SEA,1,16,69,0,3,3,10,0,7.9,7.9,16
Melvin Gordon,DEN,1,16,79,0,0,0,0,0,7.9,7.9,16
Dare Ogunbowale,JAC,1,14,71,0,5,3,7,0,7.8,7.8,16
Darrel Williams,KC,1,10,46,0,6,4,27,0,7.3,7.3,16
Antonio Gibson,WAS,1,10,61,0,4,3,8,0,6.9,6.9,16
Josh Jacobs,LV,1,13,69,0,2,0,0,0,6.9,6.9,16
Sony Michel,NE,1,10,69,0,0,0,0,0,6.9,6.9,16
Ke'Shawn Vaughn,TB,1,15,62,0,2,1,7,0,6.9,6.9,16
Mike Boone,MIN,1,1,4,1,0,0,0,0,6.4,6.4,16
Nyheim Hines,IND,1,8,44,0,5,5,20,0,6.4,6.4,16
Darrell Henderson,LAR,1,12,62,0,0,0,0,0,6.2,6.2,16
Brian Hill,ATL,1,7,36,0,3,3,25,0,6.1,6.1,16
Wayne Gallman,NYG,1,6,27,0,2,2,26,0,5.3,5.3,16
Frank Gore,NYJ,1,14,48,0,1,1,5,0,5.3,5.3,16
Devin Singletary,BUF,1,10,36,0,2,2,16,0,5.2,5.2,16
Ito Smith,ATL,1,10,46,0,1,1,5,0,5.1,5.1,16
Todd Gurley,ATL,1,4,16,0,3,3,34,0,5.0,5.0,16
D'Andre Swift,DET,1,10,45,0,5,4,25,0,5.0,5.0,16
La'Mical Perine,NYJ,1,9,30,0,2,1,14,0,4.4,4.4,16
Le'Veon Bell,KC,1,7,30,0,3,1,9,0,3.9,3.9,16
Rodney Smith,CAR,1,7,23,0,2,2,15,0,3.8,3.8,16
J.J. Taylor,NE,1,6,38,0,0,0,0,0,3.8,3.8,16
James White,NE,1,4,14,0,3,3,23,0,3.7,3.7,16
Malcolm Brown,LAR,1,7,27,0,3,1,8,0,3.5,3.5,16
Jerick McKinnon,SF,1,1,4,0,4,3,28,0,3.2,3.2,16
Kalen Ballage,LAC,1,4,14,0,3,2,12,0,2.6,2.6,16
Carlos Hyde,SEA,1,2,8,0,1,1,18,0,2.6,2.6,16
Royce Freeman,DEN,1,2,16,0,2,2,7,0,2.3,2.3,16
Jalen Richard,LV,1,2,19,0,1,1,4,0,2.3,2.3,16
Tony Pollard,DAL,1,9,12,0,2,1,8,0,2.0,2.0,16
Devontae Booker,LV,1,6,11,0,2,2,8,0,1.9,1.9,16
Kerryon Johnson,DET,1,0,0,0,2,2,17,0,1.7,1.7,16
Boston Scott,PHI,1,2,17,0,0,0,0,0,1.7,1.7,16
LeVante Bellamy,DEN,1,3,11,0,1,1,5,0,1.6,1.6,16
Dion Lewis,NYG,1,1,15,0,0,0,0,0,1.5,1.5,16
Michael Burton,NO,1,2,10,0,1,1,4,0,1.4,1.4,16
Keith Smith,ATL,1,0,0,0,2,2,14,0,1.4,1.4,16
Ameer Abdullah,MIN,1,1,13,0,1,0,0,0,1.3,1.3,16
Ty Johnson,NYJ,1,2,13,0,0,0,0,0,1.3,1.3,16
Alfred Morris,NYG,1,3,4,0,1,1,9,0,1.3,1.3,16
Peyton Barber,WAS,1,1,10,0,0,0,0,0,1.0,1.0,16
Adrian Peterson,DET,1,4,10,0,0,0,0,0,1.0,1.0,16
Rashaad Penny,SEA,1,3,9,0,0,0,0,0,0.9,0.9,16
Chase Edmonds,ARI,1,0,0,0,3,2,8,0,0.8,0.8,16
Jordan Howard,PHI,1,3,8,0,0,0,0,0,0.8,0.8,16
Craig Reynolds,JAC,1,1,4,0,1,1,3,0,0.7,0.7,16
Jeremy McNichols,TEN,1,0,0,0,1,1,6,0,0.6,0.6,16
Trayveon Williams,CIN,1,2,6,0,0,0,0,0,0.6,0.6,16
LeSean McCoy,TB,1,0,0,0,1,1,5,0,0.5,0.5,16
Justin Jackson,LAC,1,2,4,0,0,0,0,0,0.4,0.4,16
Devine Ozigbo,JAC,1,1,1,0,1,1,3,0,0.4,0.4,16
Salvon Ahmed,MIA,1,6,2,0,1,1,1,0,0.3,0.3,16
Alex Armah,CAR,1,1,3,0,0,0,0,0,0.3,0.3,16
Tevin Coleman,SF,1,2,3,0,1,1,0,0,0.3,0.3,16
Darrynton Evans,TEN,1,1,3,0,2,0,0,0,0.3,0.3,16
D.J. Foster,ARI,1,1,0,0,0,0,0,0,0.0,0.0,16
Andy Janovich,CLE,1,0,0,0,1,0,0,0,0.0,0.0,16
Taiwan Jones,BUF,1,0,0,0,1,0,0,0,0.0,0.0,16
Ty Montgomery,NO,1,0,0,0,1,0,0,0,0.0,0.0,16
Ryan Nall,CHI,1,2,0,0,0,0,0,0,0.0,0.0,16
Benny Snell,PIT,1,6,0,0,0,0,0,0,0.0,0.0,16
Jonathan Taylor,IND,1,30,253,2,2,1,1,0,37.4,37.4,17
Derrick Henry,TEN,1,34,250,2,0,0,0,0,35.0,35.0,17
J.K. Dobbins,BAL,1,13,160,2,0,0,0,0,28.0,28.0,17
Alexander Mattison,MIN,1,21,95,1,3,3,50,1,26.5,26.5,17
Darwin Thompson,KC,1,14,45,1,7,7,65,1,23.0,23.0,17
Josh Jacobs,LV,1,15,89,2,1,0,0,0,20.9,20.9,17
Jeff Wilson,SF,1,20,76,1,7,3,12,1,20.8,20.8,17
Antonio Williams,BUF,1,12,63,2,1,1,20,0,20.3,20.3,17
Sony Michel,NE,1,16,76,0,3,3,60,1,19.6,19.6,17
David Montgomery,CHI,1,22,69,1,9,9,63,0,19.2,19.2,17
David Johnson,HOU,1,14,84,1,5,3,36,0,18.0,18.0,17
Melvin Gordon,DEN,1,26,93,1,6,4,17,0,17.0,17.0,17
Nick Chubb,CLE,1,14,108,1,1,0,0,0,16.8,16.8,17
Aaron Jones,GB,1,11,42,1,5,4,43,0,14.5,14.5,17
Ronald Jones,TB,1,12,78,1,0,0,0,0,13.8,13.8,17
Myles Gaskin,MIA,1,7,20,1,5,4,57,0,13.7,13.7,17
Brian Hill,ATL,1,9,94,0,3,3,42,0,13.6,13.6,17
D'Andre Swift,DET,1,12,54,1,3,3,16,0,13.0,13.0,17
Adrian Peterson,DET,1,7,63,1,0,0,0,0,12.3,12.3,17
Ezekiel Elliott,DAL,1,14,42,1,4,3,19,0,12.1,12.1,17
Josh Adams,NYJ,1,11,47,1,4,2,12,0,11.9,11.9,17
Austin Ekeler,LAC,1,7,18,0,7,6,33,1,11.1,11.1,17
Salvon Ahmed,MIA,1,6,29,1,3,3,19,0,10.8,10.8,17
Ty Montgomery,NO,1,18,105,0,2,1,2,0,10.7,10.7,17
Justin Jackson,LAC,1,9,72,0,2,1,32,0,10.4,10.4,17
Rodney Smith,CAR,1,10,40,1,1,1,4,0,10.4,10.4,17
Kalen Ballage,LAC,1,13,36,1,0,0,0,0,9.6,9.6,17
James White,NE,1,0,0,0,7,4,31,1,9.1,9.1,17
Alex Collins,SEA,1,5,29,1,0,0,0,0,8.9,8.9,17
Chris Carson,SEA,1,11,44,0,2,2,39,0,8.3,8.3,17
Antonio Gibson,WAS,1,19,75,0,1,1,6,0,8.1,8.1,17
Boston Scott,PHI,1,15,65,0,5,2,14,0,7.9,7.9,17
Trayveon Williams,CIN,1,4,74,0,1,1,3,0,7.7,7.7,17
Dare Ogunbowale,JAC,1,14,50,0,7,4,22,0,7.2,7.2,17
Jonathan Ward,ARI,1,0,0,0,1,1,11,1,7.1,7.1,17
Gus Edwards,BAL,1,12,60,0,1,1,10,0,7.0,7.0,17
Ty Johnson,NYJ,1,11,45,0,2,2,23,0,6.8,6.8,17
Ameer Abdullah,MIN,1,0,0,0,3,3,7,1,6.7,6.7,17
Nyheim Hines,IND,1,2,17,0,7,6,50,0,6.7,6.7,17
Cam Akers,LAR,1,21,34,0,4,4,52,0,6.6,6.6,17
Wayne Gallman,NYG,1,11,65,0,0,0,0,0,6.5,6.5,17
James Conner,PIT,1,9,37,0,8,5,25,0,6.2,6.2,17
Kenyan Drake,ARI,1,10,36,0,3,3,15,0,5.1,5.1,17
Samaje Perine,CIN,1,9,51,0,0,0,0,0,5.1,5.1,17
C.J. Ham,MIN,1,0,0,0,3,2,44,0,4.4,4.4,17
Kareem Hunt,CLE,1,10,37,0,1,1,4,0,4.1,4.1,17
Theo Riddick,LV,1,0,0,0,5,4,40,0,4.0,4.0,17
Mark Ingram,BAL,1,9,39,0,0,0,0,0,3.9,3.9,17
Todd Gurley,ATL,1,9,18,0,1,1,17,0,3.5,3.5,17
Tony Pollard,DAL,1,5,15,0,5,3,18,0,3.3,3.3,17
J.D. McKissic,WAS,1,2,0,0,8,5,30,0,3.0,3.0,17
Mike Boone,MIN,1,5,29,0,0,0,0,0,2.9,2.9,17
Leonard Fournette,TB,1,5,13,0,2,2,14,0,2.7,2.7,17
Jamaal Williams,GB,1,5,26,0,0,0,0,0,2.6,2.6,17
Chase Edmonds,ARI,1,3,-3,0,2,2,28,0,2.5,2.5,17
Royce Freeman,DEN,1,2,21,0,1,1,1,0,2.2,2.2,17
Justice Hill,BAL,1,2,21,0,0,0,0,0,2.1,2.1,17
Zack Moss,BUF,1,3,8,0,1,1,13,0,2.1,2.1,17
Rashaad Penny,SEA,1,6,19,0,0,0,0,0,1.9,1.9,17
Malcolm Brown,LAR,1,3,20,0,1,1,-2,0,1.8,1.8,17
Anthony McFarland Jr,PIT,1,5,17,0,1,0,0,0,1.7,1.7,17
Devontae Booker,LV,1,5,16,0,0,0,0,0,1.6,1.6,17
Ito Smith,ATL,1,3,9,0,4,1,7,0,1.6,1.6,17
Tony Jones,NO,1,3,13,0,0,0,0,0,1.3,1.3,17
Devin Singletary,BUF,1,3,7,0,1,1,6,0,1.3,1.3,17
Alfred Morris,NYG,1,5,12,0,1,0,0,0,1.2,1.2,17
Peyton Barber,WAS,1,4,10,0,0,0,0,0,1.0,1.0,17
Benny Snell,PIT,1,3,10,0,0,0,0,0,1.0,1.0,17
Corey Clement,PHI,1,1,1,0,1,1,7,0,0.8,0.8,17
Giovani Bernard,CIN,1,3,7,0,1,0,0,0,0.7,0.7,17
Dion Lewis,NYG,1,1,7,0,1,0,0,0,0.7,0.7,17
Jerick McKinnon,SF,1,0,0,0,1,1,6,0,0.6,0.6,17
Anthony Sherman,KC,1,1,6,0,0,0,0,0,0.6,0.6,17
Jason Huntley,PHI,1,2,5,0,1,1,0,0,0.5,0.5,17
Gabe Nabers,LAC,1,0,0,0,1,1,5,0,0.5,0.5,17
Kyle Juszczyk,SF,1,1,0,0,2,1,4,0,0.4,0.4,17
AJ Dillon,GB,1,1,3,0,0,0,0,0,0.3,0.3,17
Darrel Williams,KC,1,0,0,0,1,1,2,0,0.2,0.2,17
Alex Armah,CAR,1,0,0,0,1,0,0,0,0.0,0.0,17
LeVante Bellamy,DEN,1,1,0,0,0,0,0,0,0.0,0.0,17
Kerryon Johnson,DET,1,0,0,0,1,0,0,0,0.0,0.0,17
Artavis Pierce,CHI,1,1,-1,0,0,0,0,0,-0.1,-0.1,17
