Player,Team,G,Target,Rec,Yard,TD,FPts,FPts/G,Week
Mark Andrews,BAL,1,6,5,58,2,17.8,17.8,1
Dallas Goedert,PHI,1,9,8,101,1,16.1,16.1,1
Noah Fant,DEN,1,6,5,81,1,14.1,14.1,1
T.J. Hockenson,DET,1,5,5,56,1,11.6,11.6,1
Travis Kelce,KC,1,6,6,50,1,11.0,11.0,1
David Njoku,CLE,1,3,3,50,1,11.0,11.0,1
Jordan Akins,HOU,1,2,2,39,1,9.9,9.9,1
Logan Thomas,WAS,1,8,4,37,1,9.7,9.7,1
O.J. Howard,TB,1,6,4,36,1,9.6,9.6,1
Jonnu Smith,TEN,1,7,4,36,1,9.6,9.6,1
Jimmy Graham,CHI,1,7,3,25,1,8.5,8.5,1
Greg Olsen,SEA,1,4,4,24,1,8.4,8.4,1
Jared Cook,NO,1,7,5,80,0,8.0,8.0,1
Zach Ertz,PHI,1,7,3,18,1,7.8,7.8,1
Hunter Henry,LAC,1,8,5,73,0,7.3,7.3,1
MyCole Pruitt,TEN,1,1,1,1,1,6.1,6.1,1
George Kittle,SF,1,5,4,44,0,5.3,5.3,1
Jack Doyle,IND,1,4,3,49,0,4.9,4.9,1
C.J. Uzomah,CIN,1,5,4,45,0,4.5,4.5,1
Darren Waller,LV,1,8,6,45,0,4.5,4.5,1
Tyler Higbee,LAR,1,4,3,40,0,4.0,4.0,1
Hayden Hurst,ATL,1,5,3,38,0,3.8,3.8,1
Mike Gesicki,MIA,1,5,3,30,0,3.0,3.0,1
Kyle Rudolph,MIN,1,2,2,28,0,2.8,2.8,1
Dawson Knox,BUF,1,3,2,26,0,2.6,2.6,1
Ryan Izzo,NE,1,2,1,25,0,2.5,2.5,1
Dan Arnold,ARI,1,2,2,21,0,2.1,2.1,1
Mo Alie-Cox,IND,1,2,2,20,0,2.0,2.0,1
Darren Fells,HOU,1,2,2,19,0,1.9,1.9,1
Eric Ebron,PIT,1,2,1,18,0,1.8,1.8,1
Chris Herndon,NYJ,1,7,6,37,0,1.7,1.7,1
Kaden Smith,NYG,1,2,2,17,0,1.7,1.7,1
Ian Thomas,CAR,1,2,2,16,0,1.6,1.6,1
Austin Hooper,CLE,1,2,2,15,0,1.5,1.5,1
Levine Toilolo,NYG,1,1,1,13,0,1.3,1.3,1
Josiah Deguara,GB,1,2,1,12,0,1.2,1.2,1
Blake Jarwin,DAL,1,1,1,12,0,1.2,1.2,1
Jordan Reed,SF,1,2,2,12,0,1.2,1.2,1
Rob Gronkowski,TB,1,3,2,11,0,1.1,1.1,1
Dalton Schultz,DAL,1,4,1,11,0,1.1,1.1,1
Irv Smith,MIN,1,1,1,11,0,1.1,1.1,1
Virgil Green,LAC,1,2,1,10,0,1.0,1.0,1
Evan Engram,NYG,1,7,2,9,0,0.9,0.9,1
Jacob Hollister,SEA,1,1,1,9,0,0.9,0.9,1
Will Dissly,SEA,1,2,2,8,0,0.8,0.8,1
Tyler Eifert,JAC,1,1,1,8,0,0.8,0.8,1
Gerald Everett,LAR,1,2,1,7,0,0.7,0.7,1
Drew Sample,CIN,1,1,1,7,0,0.7,0.7,1
Harrison Bryant,CLE,1,2,1,5,0,0.5,0.5,1
Anthony Firkser,TEN,1,2,2,5,0,0.5,0.5,1
Chris Manhertz,CAR,1,1,1,4,0,0.4,0.4,1
Nick Boyle,BAL,1,3,2,3,0,0.3,0.3,1
Vance McDonald,PIT,1,2,1,3,0,0.3,0.3,1
Jason Witten,LV,1,1,1,2,0,0.2,0.2,1
Cameron Brate,TB,1,1,0,0,0,0.0,0.0,1
Jake Butt,DEN,1,2,1,0,0,0.0,0.0,1
Stephen Carlson,CLE,1,1,0,0,0,0.0,0.0,1
Demetrius Harris,CHI,1,1,0,0,0,0.0,0.0,1
Josh Hill,NO,1,1,0,0,0,0.0,0.0,1
Cole Kmet,CHI,1,1,0,0,0,0.0,0.0,1
James O'Shaughnessy,JAC,1,1,1,0,0,0.0,0.0,1
Jace Sternberger,GB,1,1,0,0,0,0.0,0.0,1
Luke Stocker,ATL,1,1,0,0,0,0.0,0.0,1
Maxx Williams,ARI,1,2,0,0,0,0.0,0.0,1
Nick Vannett,DEN,1,2,1,-6,0,-0.6,-0.6,1
Tyler Higbee,LAR,1,5,5,54,3,23.4,23.4,2
Jonnu Smith,TEN,1,5,4,84,2,20.4,20.4,2
Mike Gesicki,MIA,1,11,8,130,1,19.0,19.0,2
Jordan Reed,SF,1,8,7,50,2,17.0,17.0,2
Darren Waller,LV,1,16,12,105,1,16.5,16.5,2
Travis Kelce,KC,1,14,9,90,1,15.0,15.0,2
Hayden Hurst,ATL,1,8,5,72,1,13.2,13.2,2
Dalton Schultz,DAL,1,10,9,88,1,12.8,12.8,2
Noah Fant,DEN,1,5,4,57,1,11.7,11.7,2
Mo Alie-Cox,IND,1,6,5,111,0,11.1,11.1,2
C.J. Uzomah,CIN,1,6,4,42,1,10.2,10.2,2
Tyler Eifert,JAC,1,6,3,36,1,9.6,9.6,2
Robert Tonyan,GB,1,3,2,25,1,8.5,8.5,2
Darren Fells,HOU,1,4,2,23,1,8.3,8.3,2
Hunter Henry,LAC,1,8,6,83,0,8.3,8.3,2
Jared Cook,NO,1,5,2,13,1,7.3,7.3,2
Evan Engram,NYG,1,8,6,65,0,6.5,6.5,2
T.J. Hockenson,DET,1,4,4,62,0,6.2,6.2,2
Reggie Gilliam,BUF,1,1,1,1,1,6.1,6.1,2
Jordan Akins,HOU,1,7,7,55,0,5.5,5.5,2
Anthony Firkser,TEN,1,4,4,45,0,4.5,4.5,2
Drew Sample,CIN,1,9,7,45,0,4.5,4.5,2
Eric Ebron,PIT,1,5,3,43,0,4.3,4.3,2
Zach Ertz,PHI,1,7,5,42,0,4.2,4.2,2
James O'Shaughnessy,JAC,1,4,4,40,0,4.0,4.0,2
Blake Bell,DAL,1,3,2,34,0,3.4,3.4,2
Foster Moreau,LV,1,1,1,31,0,3.1,3.1,2
Dallas Goedert,PHI,1,8,4,30,0,3.0,3.0,2
Mark Andrews,BAL,1,3,1,29,0,2.9,2.9,2
Dan Arnold,ARI,1,4,2,26,0,2.6,2.6,2
Logan Thomas,WAS,1,9,4,26,0,2.6,2.6,2
Austin Hooper,CLE,1,4,2,22,0,2.2,2.2,2
Ryan Izzo,NE,1,2,2,19,0,1.9,1.9,2
Jimmy Graham,CHI,1,1,1,18,0,1.8,1.8,2
Adam Trautman,NO,1,1,1,17,0,1.7,1.7,2
Josh Hill,NO,1,2,1,16,0,1.6,1.6,2
Dawson Knox,BUF,1,3,1,36,0,1.6,1.6,2
Harrison Bryant,CLE,1,2,1,14,0,1.4,1.4,2
Cole Kmet,CHI,1,1,1,12,0,1.2,1.2,2
Nick Boyle,BAL,1,1,1,11,0,1.1,1.1,2
O.J. Howard,TB,1,3,1,11,0,1.1,1.1,2
Will Dissly,SEA,1,1,1,9,0,0.9,0.9,2
Chris Manhertz,CAR,1,1,1,8,0,0.8,0.8,2
Ross Dwelley,SF,1,1,1,5,0,0.5,0.5,2
Chris Herndon,NYJ,1,4,1,5,0,0.5,0.5,2
Marcedes Lewis,GB,1,1,1,4,0,0.4,0.4,2
Adam Shaheen,MIA,1,2,1,4,0,0.4,0.4,2
Vance McDonald,PIT,1,2,1,3,0,0.3,0.3,2
Irv Smith,MIN,1,4,1,3,0,0.3,0.3,2
Jason Witten,LV,1,1,1,3,0,0.3,0.3,2
Marcus Baugh,WAS,1,1,1,2,0,0.2,0.2,2
Darrell Daniels,ARI,1,1,0,0,0,0.0,0.0,2
Rob Gronkowski,TB,1,1,0,0,0,0.0,0.0,2
Demetrius Harris,CHI,1,1,0,0,0,0.0,0.0,2
Greg Olsen,SEA,1,1,0,0,0,0.0,0.0,2
Kyle Rudolph,MIN,1,1,0,0,0,0.0,0.0,2
Jace Sternberger,GB,1,1,0,0,0,0.0,0.0,2
Nick Vannett,DEN,1,2,0,0,0,0.0,0.0,2
Kaden Smith,NYG,1,3,2,-1,0,-0.1,-0.1,2
Jimmy Graham,CHI,1,10,6,60,2,18.0,18.0,3
Tyler Kroft,BUF,1,5,4,24,2,14.4,14.4,3
Eric Ebron,PIT,1,7,5,52,1,11.2,11.2,3
Mo Alie-Cox,IND,1,3,3,50,1,11.0,11.0,3
Robert Tonyan,GB,1,5,5,50,1,11.0,11.0,3
Jesse James,DET,1,4,3,28,1,8.8,8.8,3
Travis Kelce,KC,1,7,6,87,0,8.7,8.7,3
Foster Moreau,LV,1,2,2,25,1,8.5,8.5,3
Marcedes Lewis,GB,1,2,1,18,1,7.8,7.8,3
Mike Gesicki,MIA,1,3,1,15,1,7.5,7.5,3
Kyle Rudolph,MIN,1,3,2,11,1,7.1,7.1,3
Zach Ertz,PHI,1,10,7,70,0,7.0,7.0,3
Nick Boyle,BAL,1,1,1,5,1,6.5,6.5,3
Harrison Bryant,CLE,1,2,1,3,1,6.3,6.3,3
Jacob Hollister,SEA,1,2,1,1,1,6.1,6.1,3
Hayden Hurst,ATL,1,3,1,1,1,6.1,6.1,3
Greg Olsen,SEA,1,6,5,61,0,6.1,6.1,3
Jonnu Smith,TEN,1,8,5,61,0,6.1,6.1,3
Lee Smith,BUF,1,1,1,1,1,6.1,6.1,3
T.J. Hockenson,DET,1,7,4,53,0,5.3,5.3,3
Hunter Henry,LAC,1,7,5,50,0,5.0,5.0,3
Ross Dwelley,SF,1,4,4,49,0,4.9,4.9,3
O.J. Howard,TB,1,4,3,49,0,4.9,4.9,3
Rob Gronkowski,TB,1,7,6,48,0,4.8,4.8,3
Dalton Schultz,DAL,1,6,4,48,0,4.8,4.8,3
Noah Fant,DEN,1,10,5,46,0,4.6,4.6,3
Tyler Higbee,LAR,1,2,2,40,0,4.0,4.0,3
Jace Sternberger,GB,1,3,3,36,0,3.6,3.6,3
Vance McDonald,PIT,1,3,3,35,0,3.5,3.5,3
Gerald Everett,LAR,1,2,2,34,0,3.4,3.4,3
Logan Thomas,WAS,1,7,4,31,0,3.1,3.1,3
James O'Shaughnessy,JAC,1,4,3,29,0,2.9,2.9,3
Jordan Akins,HOU,1,3,2,28,0,2.8,2.8,3
Austin Hooper,CLE,1,4,3,25,0,2.5,2.5,3
Darrell Daniels,ARI,1,2,2,24,0,2.4,2.4,3
Jordan Reed,SF,1,6,2,23,0,2.3,2.3,3
Mark Andrews,BAL,1,8,3,22,0,2.2,2.2,3
Evan Engram,NYG,1,5,3,22,0,2.2,2.2,3
Jared Cook,NO,1,3,2,21,0,2.1,2.1,3
Chris Herndon,NYJ,1,5,3,21,0,2.1,2.1,3
Adam Trautman,NO,1,2,2,17,0,1.7,1.7,3
MyCole Pruitt,TEN,1,2,2,16,0,1.6,1.6,3
Demetrius Harris,CHI,1,3,3,15,0,1.5,1.5,3
Richard Rodgers,PHI,1,2,2,15,0,1.5,1.5,3
Kaden Smith,NYG,1,2,1,13,0,1.3,1.3,3
Dan Arnold,ARI,1,2,1,11,0,1.1,1.1,3
Tyler Eifert,JAC,1,3,2,11,0,1.1,1.1,3
Ian Thomas,CAR,1,2,1,9,0,0.9,0.9,3
Darren Waller,LV,1,4,2,9,0,0.9,0.9,3
Dallas Goedert,PHI,1,1,1,7,0,0.7,0.7,3
Durham Smythe,MIA,1,1,1,7,0,0.7,0.7,3
Luke Stocker,ATL,1,1,1,6,0,0.6,0.6,3
Jake Butt,DEN,1,1,1,5,0,0.5,0.5,3
Will Dissly,SEA,1,2,2,5,0,0.5,0.5,3
Cethan Carter,CIN,1,1,1,1,0,0.1,0.1,3
Drew Sample,CIN,1,1,1,1,0,0.1,0.1,3
Blake Bell,DAL,1,1,0,0,0,0.0,0.0,3
Darren Fells,HOU,1,2,0,0,0,0.0,0.0,3
Virgil Green,LAC,1,1,0,0,0,0.0,0.0,3
Ryan Griffin,NYJ,1,2,0,0,0,0.0,0.0,3
Ryan Izzo,NE,1,1,0,0,0,0.0,0.0,3
Nick Keizer,KC,1,1,0,0,0,0.0,0.0,3
Noah Togiai,IND,1,1,0,0,0,0.0,0.0,3
Robert Tonyan,GB,1,6,6,98,3,27.8,27.8,4
George Kittle,SF,1,15,15,183,1,25.1,25.1,4
Mark Andrews,BAL,1,3,3,57,2,17.7,17.7,4
Dalton Schultz,DAL,1,8,4,72,1,13.2,13.2,4
O.J. Howard,TB,1,6,3,50,1,11.0,11.0,4
Austin Hooper,CLE,1,7,5,34,1,9.4,9.4,4
Donald Parham,LAC,1,1,1,19,1,7.9,7.9,4
Jason Witten,LV,1,2,2,18,1,7.8,7.8,4
Mo Alie-Cox,IND,1,2,1,13,1,7.3,7.3,4
Travis Kelce,KC,1,6,3,70,0,7.0,7.0,4
T.J. Hockenson,DET,1,4,2,9,1,6.9,6.9,4
Darren Waller,LV,1,12,9,88,0,6.8,6.8,4
Ian Thomas,CAR,1,5,2,5,1,6.5,6.5,4
Cameron Brate,TB,1,1,1,3,1,6.3,6.3,4
Jordan Thomas,ARI,1,1,1,3,1,6.3,6.3,4
Gerald Everett,LAR,1,1,1,10,0,5.2,5.2,4
Hayden Hurst,ATL,1,6,4,51,0,5.1,5.1,4
Drew Sample,CIN,1,5,3,47,0,4.7,4.7,4
Jordan Akins,HOU,1,3,3,46,0,4.6,4.6,4
Dan Arnold,ARI,1,4,4,39,0,3.9,3.9,4
Hunter Henry,LAC,1,3,2,39,0,3.9,3.9,4
Harrison Bryant,CLE,1,4,4,37,0,3.7,3.7,4
Evan Engram,NYG,1,10,6,35,0,3.5,3.5,4
Noah Fant,DEN,1,6,5,35,0,3.5,3.5,4
Greg Olsen,SEA,1,7,5,35,0,3.5,3.5,4
Richard Rodgers,PHI,1,4,3,35,0,3.5,3.5,4
Jimmy Graham,CHI,1,5,4,33,0,3.3,3.3,4
Jesse James,DET,1,2,1,31,0,3.1,3.1,4
Durham Smythe,MIA,1,3,2,30,0,3.0,3.0,4
Rob Gronkowski,TB,1,3,1,29,0,2.9,2.9,4
Kyle Rudolph,MIN,1,2,2,27,0,2.7,2.7,4
James O'Shaughnessy,JAC,1,2,1,26,0,2.6,2.6,4
Blake Bell,DAL,1,2,2,24,0,2.4,2.4,4
Cethan Carter,CIN,1,1,1,24,0,2.4,2.4,4
Tyler Eifert,JAC,1,6,2,22,0,2.2,2.2,4
Darren Fells,HOU,1,2,2,21,0,2.1,2.1,4
Tyler Higbee,LAR,1,4,3,20,0,2.0,2.0,4
Chris Manhertz,CAR,1,1,1,17,0,1.7,1.7,4
Trey Burton,IND,1,5,2,16,0,1.6,1.6,4
Dawson Knox,BUF,1,3,2,16,0,1.6,1.6,4
Will Dissly,SEA,1,2,2,15,0,1.5,1.5,4
Mike Gesicki,MIA,1,3,1,15,0,1.5,1.5,4
Jack Doyle,IND,1,1,1,12,0,1.2,1.2,4
Tyler Kroft,BUF,1,3,1,12,0,1.2,1.2,4
Chris Herndon,NYJ,1,3,1,11,0,1.1,1.1,4
Ryan Griffin,NYJ,1,3,3,10,0,1.0,1.0,4
Kaden Smith,NYG,1,1,1,10,0,1.0,1.0,4
Nick Boyle,BAL,1,1,1,9,0,0.9,0.9,4
Zach Ertz,PHI,1,5,4,9,0,0.9,0.9,4
Foster Moreau,LV,1,1,1,8,0,0.8,0.8,4
Logan Thomas,WAS,1,4,1,8,0,0.8,0.8,4
Josh Hill,NO,1,1,1,7,0,0.7,0.7,4
Nick Vannett,DEN,1,2,1,7,0,0.7,0.7,4
Demetrius Harris,CHI,1,2,1,6,0,0.6,0.6,4
Johnny Mundt,LAR,1,1,1,5,0,0.5,0.5,4
Deon Yelder,KC,1,1,1,5,0,0.5,0.5,4
Jake Butt,DEN,1,1,0,0,0,0.0,0.0,4
Ryan Izzo,NE,1,3,0,0,0,0.0,0.0,4
Nick Keizer,KC,1,1,0,0,0,0.0,0.0,4
Cole Kmet,CHI,1,1,0,0,0,0.0,0.0,4
Adam Shaheen,MIA,1,1,0,0,0,0.0,0.0,4
Irv Smith,MIN,1,1,0,0,0,0.0,0.0,4
Travis Kelce,KC,1,12,8,108,1,16.8,16.8,5
Jonnu Smith,TEN,1,7,5,40,2,16.0,16.0,5
Darren Fells,HOU,1,2,2,57,1,11.7,11.7,5
Mark Andrews,BAL,1,9,6,56,1,11.6,11.6,5
Jared Cook,NO,1,3,2,52,1,11.2,11.2,5
Darren Waller,LV,1,7,5,48,1,10.8,10.8,5
Jimmy Graham,CHI,1,5,3,33,1,9.3,9.3,5
Mike Gesicki,MIA,1,6,5,91,0,9.1,9.1,5
Gerald Everett,LAR,1,4,4,90,0,9.0,9.0,5
Evan Engram,NYG,1,2,1,16,0,8.5,8.5,5
Hunter Henry,LAC,1,8,4,23,1,8.3,8.3,5
Will Dissly,SEA,1,1,1,19,1,7.9,7.9,5
Irv Smith,MIN,1,5,4,64,0,6.4,6.4,5
Adam Shaheen,MIA,1,1,1,3,1,6.3,6.3,5
Austin Hooper,CLE,1,10,5,57,0,5.7,5.7,5
Rob Gronkowski,TB,1,6,3,52,0,5.2,5.2,5
Cameron Brate,TB,1,6,5,44,0,4.4,4.4,5
George Kittle,SF,1,8,4,44,0,4.4,4.4,5
Darrell Daniels,ARI,1,2,2,37,0,3.7,3.7,5
Trey Burton,IND,1,6,5,33,0,3.3,3.3,5
Chris Herndon,NYJ,1,3,2,24,0,2.4,2.4,5
Eric Ebron,PIT,1,6,5,43,0,2.3,2.3,5
Drew Sample,CIN,1,2,2,22,0,2.2,2.2,5
James O'Shaughnessy,JAC,1,3,3,20,0,2.0,2.0,5
Greg Olsen,SEA,1,1,1,20,0,2.0,2.0,5
Anthony Firkser,TEN,1,5,3,19,0,1.9,1.9,5
Richard Rodgers,PHI,1,1,1,18,0,1.8,1.8,5
Tyler Eifert,JAC,1,7,3,16,0,1.6,1.6,5
Dawson Knox,BUF,1,3,1,15,0,1.5,1.5,5
Virgil Green,LAC,1,1,1,14,0,1.4,1.4,5
Blake Bell,DAL,1,1,1,13,0,1.3,1.3,5
Tyler Higbee,LAR,1,2,2,12,0,1.2,1.2,5
Temarrick Hemingway,WAS,1,1,1,10,0,1.0,1.0,5
Kyle Rudolph,MIN,1,2,1,10,0,1.0,1.0,5
Demetrius Harris,CHI,1,1,1,9,0,0.9,0.9,5
Tanner Hudson,TB,1,4,1,9,0,0.9,0.9,5
Hayden Hurst,ATL,1,6,2,8,0,0.8,0.8,5
Jaeden Graham,ATL,1,1,1,7,0,0.7,0.7,5
Kaden Smith,NYG,1,1,1,7,0,0.7,0.7,5
Zach Ertz,PHI,1,6,1,6,0,0.6,0.6,5
David Njoku,CLE,1,1,1,6,0,0.6,0.6,5
Dalton Schultz,DAL,1,3,1,6,0,0.6,0.6,5
Jason Witten,LV,1,2,2,6,0,0.6,0.6,5
Trevon Wesco,NYJ,1,1,1,5,0,0.5,0.5,5
Pharaoh Brown,HOU,1,1,1,4,0,0.4,0.4,5
Vance McDonald,PIT,1,1,1,4,0,0.4,0.4,5
Logan Thomas,WAS,1,4,1,4,0,0.4,0.4,5
Nick Boyle,BAL,1,2,1,2,0,0.2,0.2,5
Luke Stocker,ATL,1,1,1,2,0,0.2,0.2,5
Josh Hill,NO,1,1,1,1,0,0.1,0.1,5
Mo Alie-Cox,IND,1,1,0,0,0,0.0,0.0,5
Harrison Bryant,CLE,1,1,0,0,0,0.0,0.0,5
Jack Doyle,IND,1,2,0,0,0,0.0,0.0,5
Nick Keizer,KC,1,1,0,0,0,0.0,0.0,5
Donald Parham,LAC,1,1,0,0,0,0.0,0.0,5
Jeremy Sprinkle,WAS,1,1,0,0,0,0.0,0.0,5
Ian Thomas,CAR,1,1,0,0,0,0.0,0.0,5
Travis Kelce,KC,1,7,5,65,2,18.5,18.5,6
Trey Burton,IND,1,5,4,58,1,17.9,17.9,6
Anthony Firkser,TEN,1,9,8,113,1,17.3,17.3,6
George Kittle,SF,1,10,7,109,1,16.9,16.9,6
Darren Fells,HOU,1,7,6,85,1,14.5,14.5,6
Rob Gronkowski,TB,1,8,5,78,1,13.8,13.8,6
Hayden Hurst,ATL,1,4,4,57,1,11.7,11.7,6
Adam Shaheen,MIA,1,3,3,51,1,11.1,11.1,6
Logan Thomas,WAS,1,4,3,42,1,10.2,10.2,6
Nick Boyle,BAL,1,3,3,33,1,9.3,9.3,6
Cole Kmet,CHI,1,2,2,20,1,8.0,8.0,6
T.J. Hockenson,DET,1,5,2,17,1,7.7,7.7,6
Jack Doyle,IND,1,3,3,29,1,6.9,6.9,6
Durham Smythe,MIA,1,2,1,4,1,6.4,6.4,6
Jason Croom,PHI,1,1,1,3,1,6.3,6.3,6
Tyler Higbee,LAR,1,4,3,56,0,5.6,5.6,6
Irv Smith,MIN,1,5,4,55,0,5.5,5.5,6
Austin Hooper,CLE,1,6,5,52,0,5.2,5.2,6
Kyle Rudolph,MIN,1,4,3,47,0,4.7,4.7,6
Albert Okwuegbunam,DEN,1,6,2,45,0,4.5,4.5,6
Dalton Schultz,DAL,1,5,4,35,0,3.5,3.5,6
Jimmy Graham,CHI,1,8,5,34,0,3.4,3.4,6
Zach Ertz,PHI,1,10,4,33,0,3.3,3.3,6
Richard Rodgers,PHI,1,3,3,31,0,3.1,3.1,6
Evan Engram,NYG,1,3,2,30,0,3.0,3.0,6
Pharaoh Brown,HOU,1,2,2,28,0,2.8,2.8,6
Gerald Everett,LAR,1,4,3,27,0,2.7,2.7,6
Robert Tonyan,GB,1,4,3,25,0,2.5,2.5,6
Mark Andrews,BAL,1,4,2,21,0,2.1,2.1,6
Ryan Izzo,NE,1,3,3,38,0,1.8,1.8,6
Ryan Griffin,NYJ,1,3,2,17,0,1.7,1.7,6
Kaden Smith,NYG,1,3,3,15,0,1.5,1.5,6
Jonnu Smith,TEN,1,2,1,13,0,1.3,1.3,6
Harrison Bryant,CLE,1,2,1,11,0,1.1,1.1,6
Geoff Swaim,TEN,1,3,2,10,0,1.0,1.0,6
Eric Ebron,PIT,1,4,2,9,0,0.9,0.9,6
Ian Thomas,CAR,1,1,1,9,0,0.9,0.9,6
Tyler Kroft,BUF,1,2,1,7,0,0.7,0.7,6
David Njoku,CLE,1,3,1,7,0,0.7,0.7,6
Nick Vannett,DEN,1,1,1,7,0,0.7,0.7,6
Chris Manhertz,CAR,1,2,1,6,0,0.6,0.6,6
Cameron Brate,TB,1,1,1,3,0,0.3,0.3,6
Jesse James,DET,1,2,1,3,0,0.3,0.3,6
Nick Keizer,KC,1,1,1,2,0,0.2,0.2,6
Darrell Daniels,ARI,1,1,1,1,0,0.1,0.1,6
Blake Bell,DAL,1,1,0,0,0,0.0,0.0,6
Cethan Carter,CIN,1,1,0,0,0,0.0,0.0,6
Tyler Davis,JAC,1,2,0,0,0,0.0,0.0,6
Mike Gesicki,MIA,1,2,0,0,0,0.0,0.0,6
Demetrius Harris,CHI,1,3,0,0,0,0.0,0.0,6
Marcedes Lewis,GB,1,2,0,0,0,0.0,0.0,6
James O'Shaughnessy,JAC,1,1,0,0,0,0.0,0.0,6
Drew Sample,CIN,1,1,0,0,0,0.0,0.0,6
Ricky Seals-Jones,KC,1,1,0,0,0,0.0,0.0,6
Harrison Bryant,CLE,1,5,4,56,2,17.6,17.6,7
Rob Gronkowski,TB,1,8,5,62,1,12.2,12.2,7
Logan Thomas,WAS,1,4,4,60,1,12.0,12.0,7
T.J. Hockenson,DET,1,6,5,59,1,11.9,11.9,7
Darren Waller,LV,1,9,6,50,1,11.0,11.0,7
Jared Cook,NO,1,4,3,32,1,9.2,9.2,7
Gerald Everett,LAR,1,5,4,28,1,8.8,8.8,7
Virgil Green,LAC,1,2,1,26,1,8.6,8.6,7
Richard Rodgers,PHI,1,8,6,85,0,8.5,8.5,7
Donald Parham,LAC,1,1,1,22,1,8.2,8.2,7
David Njoku,CLE,1,3,2,20,1,8.0,8.0,7
Hayden Hurst,ATL,1,7,6,68,0,6.8,6.8,7
Tyler Kroft,BUF,1,4,4,64,0,6.4,6.4,7
Jace Sternberger,GB,1,1,1,3,1,6.3,6.3,7
Albert Okwuegbunam,DEN,1,7,7,60,0,6.0,6.0,7
Dan Arnold,ARI,1,3,2,57,0,5.7,5.7,7
George Kittle,SF,1,7,5,55,0,5.5,5.5,7
Drew Sample,CIN,1,6,5,52,0,5.2,5.2,7
Eric Ebron,PIT,1,8,6,50,0,5.0,5.0,7
Evan Engram,NYG,1,9,6,46,0,4.9,4.9,7
Johnny Mundt,LAR,1,3,3,47,0,4.7,4.7,7
Cole Kmet,CHI,1,2,2,45,0,4.5,4.5,7
Will Dissly,SEA,1,4,2,38,0,3.8,3.8,7
Noah Fant,DEN,1,7,3,38,0,3.8,3.8,7
James O'Shaughnessy,JAC,1,3,3,32,0,3.2,3.2,7
Robert Tonyan,GB,1,2,2,32,0,3.2,3.2,7
Jimmy Graham,CHI,1,6,5,31,0,3.1,3.1,7
Travis Kelce,KC,1,3,3,31,0,3.1,3.1,7
Nick Vannett,DEN,1,3,2,25,0,2.5,2.5,7
Hunter Henry,LAC,1,7,3,23,0,2.3,2.3,7
Jacob Hollister,SEA,1,3,3,22,0,2.2,2.2,7
Dalton Schultz,DAL,1,4,2,22,0,2.2,2.2,7
Greg Olsen,SEA,1,3,2,18,0,1.8,1.8,7
Nick Keizer,KC,1,2,2,36,0,1.6,1.6,7
Reggie Gilliam,BUF,1,1,1,15,0,1.5,1.5,7
Demetrius Harris,CHI,1,3,2,15,0,1.5,1.5,7
Vance McDonald,PIT,1,2,2,14,0,1.4,1.4,7
Tanner Hudson,TB,1,1,1,12,0,1.2,1.2,7
Ian Thomas,CAR,1,1,1,11,0,1.1,1.1,7
Marcedes Lewis,GB,1,3,1,9,0,0.9,0.9,7
Jonnu Smith,TEN,1,4,1,9,0,0.9,0.9,7
Cameron Brate,TB,1,1,1,8,0,0.8,0.8,7
Ryan Izzo,NE,1,1,1,8,0,0.8,0.8,7
Dalton Keene,NE,1,1,1,8,0,0.8,0.8,7
Anthony Firkser,TEN,1,2,2,7,0,0.7,0.7,7
Jeremy Sprinkle,WAS,1,1,1,6,0,0.6,0.6,7
Jason Witten,LV,1,1,1,6,0,0.6,0.6,7
Isaac Nauta,DET,1,1,1,3,0,0.3,0.3,7
Hakeem Butler,PHI,1,1,0,0,0,0.0,0.0,7
Darrell Daniels,ARI,1,1,0,0,0,0.0,0.0,7
Darren Fells,HOU,1,0,0,0,0,0.0,0.0,7
Temarrick Hemingway,WAS,1,1,0,0,0,0.0,0.0,7
Chris Herndon,NYJ,1,1,0,0,0,0.0,0.0,7
Josh Hill,NO,1,1,1,0,0,0.0,0.0,7
Luke Stocker,ATL,1,1,0,0,0,0.0,0.0,7
Geoff Swaim,TEN,1,1,0,0,0,0.0,0.0,7
Adam Trautman,NO,1,1,0,0,0,0.0,0.0,7
Trevon Wesco,NYJ,1,1,0,0,0,0.0,0.0,7
Travis Kelce,KC,1,12,8,109,1,16.9,16.9,8
Jared Cook,NO,1,7,5,51,1,11.1,11.1,8
Eric Ebron,PIT,1,5,4,48,1,10.8,10.8,8
Rob Gronkowski,TB,1,4,4,41,1,10.1,10.1,8
Robert Tonyan,GB,1,7,5,79,0,7.9,7.9,8
Jack Doyle,IND,1,3,2,18,1,7.8,7.8,8
Ross Dwelley,SF,1,4,1,16,1,7.6,7.6,8
Trey Burton,IND,1,4,3,9,0,7.1,7.1,8
Evan Engram,NYG,1,10,5,61,0,7.0,7.0,8
Albert Okwuegbunam,DEN,1,1,1,9,1,6.9,6.9,8
T.J. Hockenson,DET,1,10,7,65,0,6.5,6.5,8
Hayden Hurst,ATL,1,7,5,54,0,5.4,5.4,8
Dalton Schultz,DAL,1,8,6,53,0,5.3,5.3,8
Noah Fant,DEN,1,9,7,47,0,4.7,4.7,8
Jace Sternberger,GB,1,4,3,46,0,4.6,4.6,8
George Kittle,SF,1,4,2,39,0,3.9,3.9,8
Mo Alie-Cox,IND,1,4,3,37,0,3.7,3.7,8
Anthony Firkser,TEN,1,3,2,36,0,3.6,3.6,8
Cameron Brate,TB,1,2,2,35,0,3.5,3.5,8
Hunter Henry,LAC,1,4,4,33,0,3.3,3.3,8
Mark Andrews,BAL,1,6,3,32,0,3.2,3.2,8
Gerald Everett,LAR,1,9,5,32,0,3.2,3.2,8
Jonnu Smith,TEN,1,2,2,29,0,2.9,2.9,8
Ian Thomas,CAR,1,3,3,28,0,2.8,2.8,8
Darren Waller,LV,1,6,5,27,0,2.7,2.7,8
Ryan Izzo,NE,1,3,2,24,0,2.4,2.4,8
Jesse James,DET,1,1,1,23,0,2.3,2.3,8
Jason Witten,LV,1,2,2,21,0,2.1,2.1,8
David Njoku,CLE,1,3,1,19,0,1.9,1.9,8
Will Dissly,SEA,1,1,1,17,0,1.7,1.7,8
Irv Smith,MIN,1,1,1,16,0,1.6,1.6,8
Durham Smythe,MIA,1,2,2,16,0,1.6,1.6,8
Dallas Goedert,PHI,1,1,1,15,0,1.5,1.5,8
Tyler Higbee,LAR,1,4,2,14,0,1.4,1.4,8
Jimmy Graham,CHI,1,7,2,13,0,1.3,1.3,8
Kyle Rudolph,MIN,1,1,1,12,0,1.2,1.2,8
Tyler Kroft,BUF,1,1,1,11,0,1.1,1.1,8
Levine Toilolo,NYG,1,2,1,9,0,0.9,0.9,8
Mike Gesicki,MIA,1,2,1,8,0,0.8,0.8,8
Josh Hill,NO,1,1,1,7,0,0.7,0.7,8
Jacob Hollister,SEA,1,2,1,6,0,0.6,0.6,8
Chris Manhertz,CAR,1,1,1,6,0,0.6,0.6,8
Kaden Smith,NYG,1,2,1,6,0,0.6,0.6,8
Harrison Bryant,CLE,1,3,3,25,0,0.5,0.5,8
Juwan Johnson,NO,1,3,1,5,0,0.5,0.5,8
Nick Keizer,KC,1,2,1,5,0,0.5,0.5,8
Deon Yelder,KC,1,1,1,5,0,0.5,0.5,8
Cethan Carter,CIN,1,1,1,2,0,0.2,0.2,8
Cole Kmet,CHI,1,1,1,2,0,0.2,0.2,8
Nick Boyle,BAL,1,1,0,0,0,0.0,0.0,8
Tanner Hudson,TB,1,1,0,0,0,0.0,0.0,8
Foster Moreau,LV,1,1,0,0,0,0.0,0.0,8
Greg Olsen,SEA,1,4,0,0,0,0.0,0.0,8
MyCole Pruitt,TEN,1,1,0,0,0,0.0,0.0,8
Drew Sample,CIN,1,1,0,0,0,0.0,0.0,8
Adam Shaheen,MIA,1,1,0,0,0,0.0,0.0,8
Colin Thompson,CAR,1,1,0,0,0,0.0,0.0,8
Chris Herndon,NYJ,1,2,1,3,0,-1.7,-1.7,8
Travis Kelce,KC,1,12,10,159,0,15.9,15.9,9
Irv Smith,MIN,1,4,2,10,2,13.0,13.0,9
Jimmy Graham,CHI,1,6,6,55,1,11.5,11.5,9
Evan Engram,NYG,1,10,5,48,1,10.8,10.8,9
T.J. Hockenson,DET,1,8,5,39,1,9.9,9.9,9
Adam Trautman,NO,1,3,3,39,1,9.9,9.9,9
Jonnu Smith,TEN,1,2,2,32,1,9.2,9.2,9
Eric Ebron,PIT,1,6,3,22,1,8.2,8.2,9
Darren Waller,LV,1,10,5,22,1,8.2,8.2,9
Darrell Daniels,ARI,1,1,1,21,1,8.1,8.1,9
Josh Hill,NO,1,2,2,14,1,7.4,7.4,9
Maxx Williams,ARI,1,1,1,4,1,6.4,6.4,9
Hayden Hurst,ATL,1,8,7,62,0,6.2,6.2,9
Tyler Kroft,BUF,1,1,1,1,1,6.1,6.1,9
Marcedes Lewis,GB,1,1,1,1,1,6.1,6.1,9
Jacob Hollister,SEA,1,7,5,60,0,6.0,6.0,9
Ross Dwelley,SF,1,3,3,52,0,5.2,5.2,9
Tyler Eifert,JAC,1,5,4,48,0,4.8,4.8,9
Dalton Schultz,DAL,1,7,4,48,0,4.8,4.8,9
Nick Boyle,BAL,1,4,4,46,0,4.6,4.6,9
Noah Fant,DEN,1,3,3,45,0,4.5,4.5,9
Mo Alie-Cox,IND,1,3,3,43,0,4.3,4.3,9
Mike Gesicki,MIA,1,4,3,42,0,4.2,4.2,9
Kyle Rudolph,MIN,1,4,3,40,0,4.0,4.0,9
Hunter Henry,LAC,1,7,4,33,0,3.3,3.3,9
Ryan Griffin,NYJ,1,2,2,28,0,2.8,2.8,9
Logan Thomas,WAS,1,6,3,28,0,2.8,2.8,9
Will Dissly,SEA,1,1,1,26,0,2.6,2.6,9
Darren Fells,HOU,1,3,2,26,0,2.6,2.6,9
Mark Andrews,BAL,1,5,3,22,0,2.2,2.2,9
Jordan Akins,HOU,1,4,2,19,0,1.9,1.9,9
Anthony Firkser,TEN,1,6,3,19,0,1.9,1.9,9
Durham Smythe,MIA,1,1,1,19,0,1.9,1.9,9
Dan Arnold,ARI,1,1,1,16,0,1.6,1.6,9
Greg Olsen,SEA,1,3,2,13,0,1.3,1.3,9
Luke Stocker,ATL,1,1,1,12,0,1.2,1.2,9
Nick Vannett,DEN,1,1,1,11,0,1.1,1.1,9
Jared Cook,NO,1,3,2,30,0,1.0,1.0,9
James O'Shaughnessy,JAC,1,2,1,9,0,0.9,0.9,9
Kaden Smith,NYG,1,1,1,8,0,0.8,0.8,9
Ian Thomas,CAR,1,2,1,8,0,0.8,0.8,9
Albert Okwuegbunam,DEN,1,1,1,7,0,0.7,0.7,9
Trey Burton,IND,1,4,1,6,0,0.6,0.6,9
John Lovett,GB,1,0,0,0,0,0.6,0.6,9
Robert Tonyan,GB,1,1,1,5,0,0.5,0.5,9
Jordan Reed,SF,1,2,1,3,0,0.3,0.3,9
Rob Gronkowski,TB,1,6,1,2,0,0.2,0.2,9
Vance McDonald,PIT,1,1,1,2,0,0.2,0.2,9
Jace Sternberger,GB,1,1,1,1,0,0.1,0.1,9
Pharaoh Brown,HOU,1,1,0,0,0,0.0,0.0,9
Jack Doyle,IND,1,2,0,0,0,0.0,0.0,9
Ryan Izzo,NE,1,0,0,0,0,0.0,0.0,9
Jesse James,DET,1,1,1,0,0,0.0,0.0,9
Donald Parham,LAC,1,3,0,0,0,0.0,0.0,9
Adam Shaheen,MIA,1,1,0,0,0,0.0,0.0,9
Levine Toilolo,NYG,1,1,1,0,0,0.0,0.0,9
Jason Witten,LV,1,1,1,0,0,0.0,0.0,9
Blake Bell,DAL,1,2,1,-4,0,-0.4,-0.4,9
Rob Gronkowski,TB,1,3,2,51,1,11.1,11.1,10
Cameron Brate,TB,1,3,3,31,1,9.1,9.1,10
Hunter Henry,LAC,1,6,4,30,1,9.0,9.0,10
Pharaoh Brown,HOU,1,2,2,21,1,8.1,8.1,10
Jonnu Smith,TEN,1,6,2,14,0,7.5,7.5,10
Durham Smythe,MIA,1,2,2,9,1,6.9,6.9,10
Colin Thompson,CAR,1,1,1,7,1,6.7,6.7,10
Logan Thomas,WAS,1,6,4,66,0,6.6,6.6,10
Jordan Reed,SF,1,6,5,62,0,6.2,6.2,10
Mark Andrews,BAL,1,9,7,61,0,6.1,6.1,10
Tyler Higbee,LAR,1,6,3,60,0,6.0,6.0,10
Richard Rodgers,PHI,1,5,4,60,0,6.0,6.0,10
Kyle Rudolph,MIN,1,5,4,63,0,4.3,4.3,10
Mike Gesicki,MIA,1,5,2,40,0,4.0,4.0,10
Eric Ebron,PIT,1,6,2,38,0,3.8,3.8,10
Darren Waller,LV,1,5,3,37,0,3.7,3.7,10
Dan Arnold,ARI,1,4,4,34,0,3.4,3.4,10
Dallas Goedert,PHI,1,6,4,33,0,3.3,3.3,10
Greg Olsen,SEA,1,4,2,33,0,3.3,3.3,10
Robert Tonyan,GB,1,4,3,33,0,3.3,3.3,10
Gerald Everett,LAR,1,3,2,27,0,2.7,2.7,10
Trey Burton,IND,1,3,3,24,0,2.4,2.4,10
Ross Dwelley,SF,1,2,1,22,0,2.2,2.2,10
Ryan Izzo,NE,1,1,1,20,0,2.0,2.0,10
Mo Alie-Cox,IND,1,4,3,19,0,1.9,1.9,10
Adam Shaheen,MIA,1,1,1,19,0,1.9,1.9,10
Noah Fant,DEN,1,7,3,18,0,1.8,1.8,10
Will Dissly,SEA,1,2,1,16,0,1.6,1.6,10
Dawson Knox,BUF,1,3,2,16,0,1.6,1.6,10
Tyler Eifert,JAC,1,4,2,15,0,1.5,1.5,10
Evan Engram,NYG,1,3,2,15,0,1.5,1.5,10
Darren Fells,HOU,1,1,1,15,0,1.5,1.5,10
T.J. Hockenson,DET,1,4,2,13,0,1.3,1.3,10
Donald Parham,LAC,1,1,1,13,0,1.3,1.3,10
Troy Fumagalli,DEN,1,3,2,12,0,1.2,1.2,10
Kaden Smith,NYG,1,2,2,12,0,1.2,1.2,10
Tyler Conklin,MIN,1,2,2,11,0,1.1,1.1,10
Austin Hooper,CLE,1,2,1,11,0,1.1,1.1,10
Jesse James,DET,1,3,2,9,0,0.9,0.9,10
Drew Sample,CIN,1,2,1,9,0,0.9,0.9,10
Cole Kmet,CHI,1,3,1,7,0,0.7,0.7,10
Ian Thomas,CAR,1,1,1,7,0,0.7,0.7,10
Jacob Hollister,SEA,1,1,1,6,0,0.6,0.6,10
Jordan Akins,HOU,1,1,1,5,0,0.5,0.5,10
Anthony Firkser,TEN,1,3,1,5,0,0.5,0.5,10
Nick Boyle,BAL,1,1,1,4,0,0.4,0.4,10
Jared Cook,NO,1,2,0,0,0,0.0,0.0,10
Jimmy Graham,CHI,1,2,0,0,0,0.0,0.0,10
Isaac Nauta,DET,1,1,0,0,0,0.0,0.0,10
James O'Shaughnessy,JAC,1,1,0,0,0,0.0,0.0,10
Travis Kelce,KC,1,10,8,127,1,18.7,18.7,11
Mark Andrews,BAL,1,7,5,96,1,15.6,15.6,11
Darren Waller,LV,1,7,7,88,1,14.8,14.8,11
Dallas Goedert,PHI,1,6,5,77,1,13.7,13.7,11
Hunter Henry,LAC,1,7,4,48,1,10.8,10.8,11
Richard Rodgers,PHI,1,2,2,48,1,10.8,10.8,11
Robert Tonyan,GB,1,5,5,44,1,10.4,10.4,11
Eric Ebron,PIT,1,7,4,36,1,9.6,9.6,11
Chris Herndon,NYJ,1,3,2,32,1,9.2,9.2,11
Trey Burton,IND,1,5,2,25,1,8.5,8.5,11
Dalton Schultz,DAL,1,6,4,25,1,8.5,8.5,11
Jordan Akins,HOU,1,6,5,83,0,8.3,8.3,11
Jonnu Smith,TEN,1,6,4,20,1,8.0,8.0,11
T.J. Hockenson,DET,1,7,4,68,0,6.8,6.8,11
Jack Doyle,IND,1,2,1,6,1,6.6,6.6,11
Dan Arnold,ARI,1,2,1,4,1,6.4,6.4,11
Jason Witten,LV,1,1,1,1,1,6.1,6.1,11
Ryan Izzo,NE,1,3,2,59,0,5.9,5.9,11
Noah Fant,DEN,1,5,4,55,0,5.5,5.5,11
Mike Gesicki,MIA,1,5,4,43,0,4.3,4.3,11
Anthony Firkser,TEN,1,5,4,33,0,3.3,3.3,11
Austin Hooper,CLE,1,5,3,33,0,3.3,3.3,11
Tyler Eifert,JAC,1,5,2,32,0,3.2,3.2,11
Darren Fells,HOU,1,2,2,29,0,2.9,2.9,11
Drew Sample,CIN,1,4,2,29,0,2.9,2.9,11
Maxx Williams,ARI,1,2,2,29,0,2.9,2.9,11
Kyle Rudolph,MIN,1,3,3,28,0,2.8,2.8,11
Gerald Everett,LAR,1,5,4,27,0,2.7,2.7,11
Rob Gronkowski,TB,1,6,2,25,0,2.5,2.5,11
Nick Vannett,DEN,1,2,2,24,0,2.4,2.4,11
Cameron Brate,TB,1,4,3,23,0,2.3,2.3,11
Irv Smith,MIN,1,2,2,23,0,2.3,2.3,11
Jace Sternberger,GB,1,3,3,23,0,2.3,2.3,11
Pharaoh Brown,HOU,1,3,2,22,0,2.2,2.2,11
Tyler Higbee,LAR,1,4,4,19,0,2.0,2.0,11
Greg Olsen,SEA,1,2,2,20,0,2.0,2.0,11
Adam Trautman,NO,1,1,1,19,0,1.9,1.9,11
Derek Carrier,LV,1,1,1,14,0,1.4,1.4,11
Jacob Hollister,SEA,1,3,2,14,0,1.4,1.4,11
Blake Bell,DAL,1,1,1,13,0,1.3,1.3,11
Will Dissly,SEA,1,1,1,10,0,1.0,1.0,11
Ben Ellefson,JAC,1,3,1,10,0,1.0,1.0,11
Geoff Swaim,TEN,1,1,1,9,0,0.9,0.9,11
Marcedes Lewis,GB,1,1,1,8,0,0.8,0.8,11
Logan Thomas,WAS,1,5,2,6,0,0.8,0.8,11
Jared Cook,NO,1,1,1,6,0,0.6,0.6,11
Nick Keizer,KC,1,1,1,5,0,0.5,0.5,11
Jesse James,DET,1,2,1,3,0,0.3,0.3,11
Eric Saubert,JAC,1,1,1,3,0,0.3,0.3,11
Troy Fumagalli,DEN,1,1,0,0,0,0.0,0.0,11
Hayden Hurst,ATL,1,2,0,0,0,0.0,0.0,11
Chris Manhertz,CAR,1,1,0,0,0,0.0,0.0,11
David Njoku,CLE,1,1,0,0,0,0.0,0.0,11
Durham Smythe,MIA,1,1,0,0,0,0.0,0.0,11
Luke Stocker,ATL,1,1,0,0,0,0.0,0.0,11
Jordan Thomas,NE,1,1,0,0,0,0.0,0.0,11
Mo Alie-Cox,IND,1,2,2,16,0,-0.4,-0.4,11
Dallas Goedert,PHI,1,10,7,75,1,13.5,13.5,12
Robert Tonyan,GB,1,5,5,67,1,12.7,12.7,12
Richard Rodgers,PHI,1,6,3,53,1,11.3,11.3,12
Evan Engram,NYG,1,9,6,129,0,10.9,10.9,12
Rob Gronkowski,TB,1,7,6,106,0,10.6,10.6,12
Trey Burton,IND,1,6,3,42,1,10.2,10.2,12
Mike Gesicki,MIA,1,5,2,35,1,9.5,9.5,12
T.J. Hockenson,DET,1,8,5,89,0,8.9,8.9,12
Logan Thomas,WAS,1,4,4,20,1,8.3,8.3,12
Travis Kelce,KC,1,8,8,82,0,8.2,8.2,12
Tyler Eifert,JAC,1,4,3,16,1,7.6,7.6,12
Marcedes Lewis,GB,1,4,2,16,1,7.6,7.6,12
Austin Hooper,CLE,1,2,2,13,1,7.3,7.3,12
Kyle Rudolph,MIN,1,8,7,68,0,6.8,6.8,12
Hunter Henry,LAC,1,10,7,67,0,6.7,6.7,12
Adam Shaheen,MIA,1,2,1,7,1,6.7,6.7,12
Dawson Knox,BUF,1,1,1,2,1,6.2,6.2,12
Eric Ebron,PIT,1,11,7,54,0,5.4,5.4,12
Hayden Hurst,ATL,1,8,4,48,0,4.8,4.8,12
Cameron Brate,TB,1,6,4,34,0,3.4,3.4,12
Jimmy Graham,CHI,1,4,3,32,0,3.2,3.2,12
Geoff Swaim,TEN,1,3,3,30,0,3.0,3.0,12
Dalton Schultz,DAL,1,5,5,24,0,2.4,2.4,12
Darren Waller,LV,1,7,4,23,0,2.3,2.3,12
Drew Sample,CIN,1,5,4,40,0,2.0,2.0,12
Mo Alie-Cox,IND,1,2,2,19,0,1.9,1.9,12
Durham Smythe,MIA,1,3,3,19,0,1.9,1.9,12
Jordan Reed,SF,1,6,2,18,0,1.8,1.8,12
Dan Arnold,ARI,1,3,1,17,0,1.7,1.7,12
James O'Shaughnessy,JAC,1,4,2,17,0,1.7,1.7,12
Gerald Everett,LAR,1,2,2,16,0,1.6,1.6,12
Noah Fant,DEN,1,2,1,13,0,1.3,1.3,12
Stephen Carlson,CLE,1,1,1,11,0,1.1,1.1,12
Jaeden Graham,ATL,1,2,1,11,0,1.1,1.1,12
Jacob Hollister,SEA,1,5,2,11,0,1.1,1.1,12
Chris Manhertz,CAR,1,1,1,11,0,1.1,1.1,12
Jesse James,DET,1,1,1,10,0,1.0,1.0,12
Maxx Williams,ARI,1,2,2,10,0,1.0,1.0,12
Cole Kmet,CHI,1,3,1,8,0,0.8,0.8,12
Adam Trautman,NO,1,1,1,8,0,0.8,0.8,12
Brandon Dillon,MIN,1,1,1,6,0,0.6,0.6,12
Tyler Higbee,LAR,1,2,1,6,0,0.6,0.6,12
Cethan Carter,CIN,1,1,1,5,0,0.5,0.5,12
Tyler Conklin,MIN,1,2,1,5,0,0.5,0.5,12
Jace Sternberger,GB,1,1,1,5,0,0.5,0.5,12
Jordan Akins,HOU,1,2,0,0,0,0.4,0.4,12
Ian Thomas,CAR,1,2,1,4,0,0.4,0.4,12
Ross Dwelley,SF,1,2,1,3,0,0.3,0.3,12
Lee Smith,BUF,1,1,1,3,0,0.3,0.3,12
Deon Yelder,KC,1,1,1,2,0,0.2,0.2,12
Jared Cook,NO,1,2,0,0,0,0.0,0.0,12
Jack Doyle,IND,1,1,0,0,0,0.0,0.0,12
Ben Ellefson,JAC,1,1,0,0,0,0.0,0.0,12
Anthony Firkser,TEN,1,1,0,0,0,0.0,0.0,12
Troy Fumagalli,DEN,1,1,0,0,0,0.0,0.0,12
Chris Herndon,NYJ,1,0,0,0,0,0.0,0.0,12
Ryan Izzo,NE,1,0,0,0,0,0.0,0.0,12
Donald Parham,LAC,1,1,0,0,0,0.0,0.0,12
Nick Vannett,DEN,1,1,0,0,0,0.0,0.0,12
Kahale Warring,HOU,1,1,0,0,0,0.0,0.0,12
Luke Willson,BAL,1,2,0,0,0,0.0,0.0,12
Harrison Bryant,CLE,1,2,1,13,0,-0.7,-0.7,12
Darren Waller,LV,1,17,13,200,2,32.0,32.0,13
Travis Kelce,KC,1,13,8,136,1,19.6,19.6,13
Dan Arnold,ARI,1,3,2,61,2,18.1,18.1,13
Logan Thomas,WAS,1,9,9,98,1,15.8,15.8,13
Mike Gesicki,MIA,1,11,9,88,1,14.8,14.8,13
Robert Tonyan,GB,1,5,4,39,1,9.9,9.9,13
Cole Kmet,CHI,1,7,5,37,1,9.7,9.7,13
Jordan Reed,SF,1,4,3,32,1,9.2,9.2,13
Jared Cook,NO,1,5,3,28,1,8.8,8.8,13
Dawson Knox,BUF,1,4,4,27,1,8.7,8.7,13
Tyler Higbee,LAR,1,6,4,24,1,8.4,8.4,13
T.J. Hockenson,DET,1,9,7,84,0,8.4,8.4,13
MyCole Pruitt,TEN,1,2,1,22,1,8.2,8.2,13
Jesse James,DET,1,3,1,9,1,6.9,6.9,13
Eric Ebron,PIT,1,11,7,68,0,6.8,6.8,13
Dallas Goedert,PHI,1,7,5,66,0,6.6,6.6,13
Noah Fant,DEN,1,7,4,57,0,5.7,5.7,13
Anthony Firkser,TEN,1,7,5,51,0,5.1,5.1,13
Drew Sample,CIN,1,7,7,49,0,4.9,4.9,13
Tyler Eifert,JAC,1,6,6,45,0,4.5,4.5,13
Gerald Everett,LAR,1,7,6,44,0,4.4,4.4,13
Dalton Schultz,DAL,1,4,4,44,0,4.4,4.4,13
James O'Shaughnessy,JAC,1,6,4,41,0,4.1,4.1,13
Marcedes Lewis,GB,1,1,1,36,0,3.6,3.6,13
Charlie Woerner,SF,1,2,2,33,0,3.3,3.3,13
Evan Engram,NYG,1,8,4,32,0,3.2,3.2,13
Zach Ertz,PHI,1,4,2,31,0,3.1,3.1,13
Ryan Griffin,NYJ,1,2,2,31,0,3.1,3.1,13
Ross Dwelley,SF,1,2,2,29,0,2.9,2.9,13
Will Dissly,SEA,1,5,4,28,0,2.8,2.8,13
Austin Hooper,CLE,1,2,2,24,0,2.4,2.4,13
Mo Alie-Cox,IND,1,5,3,23,0,2.3,2.3,13
Donald Parham,LAC,1,4,2,21,0,2.1,2.1,13
Jacob Hollister,SEA,1,4,3,20,0,2.0,2.0,13
Durham Smythe,MIA,1,2,2,16,0,1.6,1.6,13
Nick Keizer,KC,1,1,1,15,0,1.5,1.5,13
Jack Doyle,IND,1,1,1,12,0,1.2,1.2,13
Luke Willson,BAL,1,1,1,12,0,1.2,1.2,13
Trey Burton,IND,1,3,1,11,0,1.1,1.1,13
Jordan Akins,HOU,1,3,2,10,0,1.0,1.0,13
Tyler Conklin,MIN,1,1,1,10,0,1.0,1.0,13
Hayden Hurst,ATL,1,4,1,9,0,0.9,0.9,13
Adam Trautman,NO,1,3,3,9,0,0.9,0.9,13
Nick Vannett,DEN,1,2,2,7,0,0.7,0.7,13
Stephen Anderson,LAC,1,2,1,6,0,0.6,0.6,13
Ryan Izzo,NE,1,1,1,6,0,0.6,0.6,13
Hunter Henry,LAC,1,2,1,5,0,0.5,0.5,13
David Njoku,CLE,1,1,1,5,0,0.5,0.5,13
Kaden Smith,NYG,1,1,1,3,0,0.3,0.3,13
Blake Bell,DAL,1,1,1,2,0,0.2,0.2,13
Darren Fells,HOU,1,1,0,0,0,0.0,0.0,13
Troy Fumagalli,DEN,1,1,0,0,0,0.0,0.0,13
Jaeden Graham,ATL,1,1,0,0,0,0.0,0.0,13
Jimmy Graham,CHI,1,1,0,0,0,0.0,0.0,13
Kyle Rudolph,MIN,1,2,0,0,0,0.0,0.0,13
Eric Saubert,JAC,1,1,0,0,0,0.0,0.0,13
Mason Schreck,CIN,1,1,0,0,0,0.0,0.0,13
Adam Shaheen,MIA,1,1,0,0,0,0.0,0.0,13
Lee Smith,BUF,1,1,0,0,0,0.0,0.0,13
Geoff Swaim,TEN,1,1,0,0,0,0.0,0.0,13
Kahale Warring,HOU,1,1,0,0,0,0.0,0.0,13
Jason Witten,LV,1,1,0,0,0,0.0,0.0,13
Travis Kelce,KC,1,10,8,136,1,19.6,19.6,14
Mike Gesicki,MIA,1,6,5,65,2,18.5,18.5,14
Irv Smith,MIN,1,4,4,63,1,12.3,12.3,14
Foster Moreau,LV,1,2,1,47,1,10.7,10.7,14
T.J. Hockenson,DET,1,11,6,43,1,10.3,10.3,14
Jared Cook,NO,1,4,3,37,1,9.7,9.7,14
Robert Tonyan,GB,1,5,5,36,1,9.6,9.6,14
Geoff Swaim,TEN,1,3,3,34,1,9.4,9.4,14
Dan Arnold,ARI,1,4,2,27,1,8.7,8.7,14
Will Dissly,SEA,1,2,2,23,1,8.3,8.3,14
Jimmy Graham,CHI,1,4,4,23,1,8.3,8.3,14
Nick Vannett,DEN,1,4,4,20,1,8.0,8.0,14
Mark Andrews,BAL,1,6,5,78,0,7.8,7.8,14
Darren Waller,LV,1,10,7,75,0,7.5,7.5,14
Rob Gronkowski,TB,1,2,1,2,1,6.2,6.2,14
Troy Fumagalli,DEN,1,5,4,53,0,5.3,5.3,14
David Njoku,CLE,1,4,3,45,0,4.5,4.5,14
Jack Doyle,IND,1,3,3,44,0,4.4,4.4,14
Dallas Goedert,PHI,1,6,4,43,0,4.3,4.3,14
Logan Thomas,WAS,1,7,6,43,0,4.3,4.3,14
Hunter Henry,LAC,1,8,6,41,0,4.1,4.1,14
Cole Kmet,CHI,1,7,4,41,0,4.1,4.1,14
Tyler Conklin,MIN,1,5,5,40,0,4.0,4.0,14
Tyler Higbee,LAR,1,2,2,34,0,3.4,3.4,14
Dalton Schultz,DAL,1,3,3,34,0,3.4,3.4,14
Eric Ebron,PIT,1,5,2,30,0,3.0,3.0,14
Adam Shaheen,MIA,1,3,2,26,0,2.6,2.6,14
Jonnu Smith,TEN,1,2,2,20,0,2.3,2.3,14
Tyler Eifert,JAC,1,2,2,22,0,2.2,2.2,14
Drew Sample,CIN,1,4,3,21,0,2.1,2.1,14
Jordan Akins,HOU,1,6,3,20,0,2.0,2.0,14
Ross Dwelley,SF,1,2,2,20,0,2.0,2.0,14
Jacob Hollister,SEA,1,1,1,20,0,2.0,2.0,14
Ian Thomas,CAR,1,4,3,20,0,2.0,2.0,14
Durham Smythe,MIA,1,3,2,19,0,1.9,1.9,14
Harrison Bryant,CLE,1,6,3,18,0,1.8,1.8,14
Evan Engram,NYG,1,4,2,18,0,1.8,1.8,14
Maxx Williams,ARI,1,2,2,17,0,1.7,1.7,14
Colby Parkinson,SEA,1,2,2,16,0,1.6,1.6,14
Darren Fells,HOU,1,1,1,15,0,1.5,1.5,14
Dawson Knox,BUF,1,7,4,34,0,1.4,1.4,14
James O'Shaughnessy,JAC,1,2,2,14,0,1.4,1.4,14
Jordan Reed,SF,1,5,2,13,0,1.3,1.3,14
Adam Trautman,NO,1,1,1,12,0,1.2,1.2,14
Blake Bell,DAL,1,1,1,11,0,1.1,1.1,14
Juwan Johnson,NO,1,1,1,11,0,1.1,1.1,14
Mo Alie-Cox,IND,1,1,1,9,0,0.9,0.9,14
Cameron Brate,TB,1,1,1,9,0,0.9,0.9,14
Gerald Everett,LAR,1,3,1,9,0,0.9,0.9,14
Chris Herndon,NYJ,1,1,1,9,0,0.9,0.9,14
Zach Ertz,PHI,1,3,2,8,0,0.8,0.8,14
Jaeden Graham,ATL,1,1,1,7,0,0.7,0.7,14
Hayden Hurst,ATL,1,3,1,7,0,0.7,0.7,14
Marcedes Lewis,GB,1,1,1,6,0,0.6,0.6,14
Kaden Smith,NYG,1,1,1,6,0,0.6,0.6,14
Anthony Firkser,TEN,1,1,1,5,0,0.5,0.5,14
Eric Saubert,JAC,1,1,1,4,0,0.4,0.4,14
Josh Hill,NO,1,1,1,1,0,0.1,0.1,14
Devin Asiasi,NE,1,1,0,0,0,0.0,0.0,14
Antony Auclair,TB,1,1,0,0,0,0.0,0.0,14
Vance McDonald,PIT,1,2,0,0,0,0.0,0.0,14
Jeremy Sprinkle,WAS,1,1,0,0,0,0.0,0.0,14
Charlie Woerner,SF,1,1,0,0,0,0.0,0.0,14
Darren Waller,LV,1,12,9,150,1,21.0,21.0,15
Noah Fant,DEN,1,11,8,68,1,12.8,12.8,15
Travis Kelce,KC,1,12,8,68,1,12.8,12.8,15
Tyler Higbee,LAR,1,5,4,67,1,12.7,12.7,15
Mark Andrews,BAL,1,5,5,66,1,12.6,12.6,15
Hunter Henry,LAC,1,7,5,65,1,12.5,12.5,15
Tyler Conklin,MIN,1,4,3,57,1,11.7,11.7,15
Austin Hooper,CLE,1,6,5,41,1,10.1,10.1,15
Logan Thomas,WAS,1,15,13,101,0,10.1,10.1,15
Dawson Knox,BUF,1,4,2,36,1,9.6,9.6,15
Hayden Hurst,ATL,1,5,4,21,1,8.1,8.1,15
Jordan Reed,SF,1,5,2,18,1,7.8,7.8,15
Robert Tonyan,GB,1,3,3,18,1,7.8,7.8,15
Jacob Hollister,SEA,1,2,2,17,1,7.7,7.7,15
Dalton Schultz,DAL,1,2,2,14,1,7.4,7.4,15
Zach Ertz,PHI,1,7,2,69,0,6.9,6.9,15
Dan Arnold,ARI,1,5,3,54,0,5.4,5.4,15
Cameron Brate,TB,1,4,4,54,0,5.4,5.4,15
Jonnu Smith,TEN,1,5,5,52,0,5.2,5.2,15
Tyler Eifert,JAC,1,4,3,51,0,5.1,5.1,15
Jordan Akins,HOU,1,6,5,50,0,5.0,5.0,15
Chris Herndon,NYJ,1,4,3,48,0,4.8,4.8,15
Evan Engram,NYG,1,7,4,46,0,4.6,4.6,15
Hunter Bryant,DET,1,2,1,44,0,4.4,4.4,15
Maxx Williams,ARI,1,1,1,42,0,4.2,4.2,15
Durham Smythe,MIA,1,5,5,40,0,4.0,4.0,15
Dallas Goedert,PHI,1,8,4,39,0,3.9,3.9,15
Irv Smith,MIN,1,4,3,37,0,3.7,3.7,15
Kahale Warring,HOU,1,2,2,32,0,3.2,3.2,15
Jared Cook,NO,1,5,2,29,0,2.9,2.9,15
Rob Gronkowski,TB,1,7,3,29,0,2.9,2.9,15
Ian Thomas,CAR,1,4,3,29,0,2.9,2.9,15
Ross Dwelley,SF,1,2,2,28,0,2.8,2.8,15
Gerald Everett,LAR,1,4,2,28,0,2.8,2.8,15
Jimmy Graham,CHI,1,3,2,25,0,2.5,2.5,15
Foster Moreau,LV,1,1,1,22,0,2.2,2.2,15
David Njoku,CLE,1,1,1,22,0,2.2,2.2,15
Luke Stocker,ATL,1,3,2,21,0,2.1,2.1,15
Anthony Firkser,TEN,1,1,1,20,0,2.0,2.0,15
Harrison Bryant,CLE,1,2,2,19,0,1.9,1.9,15
Adam Shaheen,MIA,1,2,1,15,0,1.5,1.5,15
Mo Alie-Cox,IND,1,2,2,14,0,1.4,1.4,15
Jack Doyle,IND,1,2,2,14,0,1.4,1.4,15
Levine Toilolo,NYG,1,1,1,14,0,1.4,1.4,15
Blake Bell,DAL,1,1,1,10,0,1.2,1.2,15
Cole Kmet,CHI,1,2,2,12,0,1.2,1.2,15
Pharaoh Brown,HOU,1,1,1,11,0,1.1,1.1,15
Jesse James,DET,1,1,1,11,0,1.1,1.1,15
MyCole Pruitt,TEN,1,2,1,10,0,1.0,1.0,15
Trey Burton,IND,1,2,1,8,0,0.8,0.8,15
James O'Shaughnessy,JAC,1,1,1,6,0,0.6,0.6,15
Deon Yelder,KC,1,1,1,6,0,0.6,0.6,15
Drew Sample,CIN,1,1,1,4,0,0.4,0.4,15
Darrell Daniels,ARI,1,1,1,2,0,0.2,0.2,15
Dalton Keene,NE,1,2,1,2,0,0.2,0.2,15
Devin Asiasi,NE,1,1,0,0,0,0.0,0.0,15
Eric Ebron,PIT,1,1,0,0,0,0.0,0.0,15
J.P. Holtz,CHI,1,1,0,0,0,0.0,0.0,15
Juwan Johnson,NO,1,4,0,0,0,0.0,0.0,15
Donald Parham,LAC,1,1,0,0,0,0.0,0.0,15
Kaden Smith,NYG,1,1,1,0,0,0.0,0.0,15
Lee Smith,BUF,1,1,0,0,0,0.0,0.0,15
Eric Tomlinson,BAL,1,1,0,0,0,0.0,0.0,15
Nick Vannett,DEN,1,1,0,0,0,0.0,0.0,15
T.J. Hockenson,DET,1,4,2,18,0,-0.2,-0.2,15
Jimmy Graham,CHI,1,5,4,69,2,18.9,18.9,16
Rob Gronkowski,TB,1,2,2,58,2,17.8,17.8,16
Irv Smith,MIN,1,9,6,53,2,17.3,17.3,16
Travis Kelce,KC,1,13,7,98,1,15.8,15.8,16
Darren Waller,LV,1,6,5,112,0,11.2,11.2,16
Eric Ebron,PIT,1,7,5,47,1,10.7,10.7,16
Hayden Hurst,ATL,1,5,5,47,1,10.7,10.7,16
Chris Herndon,NYJ,1,4,4,34,1,9.4,9.4,16
George Kittle,SF,1,5,4,92,0,9.2,9.2,16
Lee Smith,BUF,1,2,2,31,1,9.1,9.1,16
Jonnu Smith,TEN,1,7,3,30,1,9.0,9.0,16
Jared Cook,NO,1,4,3,82,0,8.2,8.2,16
Darren Fells,HOU,1,2,1,22,1,8.2,8.2,16
Jacob Hollister,SEA,1,6,2,17,1,7.7,7.7,16
Mark Andrews,BAL,1,11,6,76,0,7.6,7.6,16
Austin Hooper,CLE,1,15,7,71,0,7.1,7.1,16
Evan Engram,NYG,1,10,7,65,0,7.0,7.0,16
Drew Sample,CIN,1,1,1,8,1,6.8,6.8,16
Noah Fant,DEN,1,9,6,65,0,6.5,6.5,16
Logan Thomas,WAS,1,12,7,63,0,6.3,6.3,16
Mike Gesicki,MIA,1,7,4,54,0,5.4,5.4,16
Dawson Knox,BUF,1,4,3,51,0,5.1,5.1,16
Jack Doyle,IND,1,6,4,50,0,5.0,5.0,16
Stephen Anderson,LAC,1,6,4,48,0,4.8,4.8,16
Donald Parham,LAC,1,3,2,47,0,4.7,4.7,16
Adam Trautman,NO,1,2,2,45,0,4.5,4.5,16
Jordan Akins,HOU,1,4,4,39,0,3.9,3.9,16
Dallas Goedert,PHI,1,3,3,38,0,3.8,3.8,16
Harrison Bryant,CLE,1,7,3,37,0,3.7,3.7,16
Tyler Higbee,LAR,1,6,3,34,0,3.4,3.4,16
Zach Ertz,PHI,1,7,3,33,0,3.3,3.3,16
Tyler Conklin,MIN,1,6,4,31,0,3.1,3.1,16
Pharaoh Brown,HOU,1,1,1,29,0,2.9,2.9,16
Cameron Brate,TB,1,2,2,27,0,2.7,2.7,16
David Njoku,CLE,1,4,4,26,0,2.6,2.6,16
T.J. Hockenson,DET,1,6,4,23,0,2.3,2.3,16
Dalton Schultz,DAL,1,4,3,21,0,2.1,2.1,16
Mo Alie-Cox,IND,1,1,1,20,0,2.0,2.0,16
Tanner Hudson,TB,1,1,1,20,0,2.0,2.0,16
Juwan Johnson,NO,1,1,1,19,0,1.9,1.9,16
Trey Burton,IND,1,4,3,18,0,1.8,1.8,16
James O'Shaughnessy,JAC,1,3,2,18,0,1.8,1.8,16
Will Dissly,SEA,1,3,3,17,0,1.7,1.7,16
Tyler Eifert,JAC,1,5,2,17,0,1.7,1.7,16
Robert Tonyan,GB,1,2,1,17,0,1.7,1.7,16
Cole Kmet,CHI,1,6,2,18,0,1.5,1.5,16
Greg Olsen,SEA,1,2,1,15,0,1.5,1.5,16
Daniel Brown,NYJ,1,1,1,13,0,1.3,1.3,16
Dominique Dafney,GB,1,1,1,13,0,1.3,1.3,16
Gerald Everett,LAR,1,3,2,13,0,1.3,1.3,16
Jason Witten,LV,1,5,2,12,0,1.2,1.2,16
Deon Yelder,KC,1,1,1,12,0,1.2,1.2,16
Anthony Firkser,TEN,1,2,1,11,0,1.1,1.1,16
Luke Stocker,ATL,1,1,1,9,0,0.9,0.9,16
Blake Bell,DAL,1,1,1,7,0,0.7,0.7,16
Darrell Daniels,ARI,1,2,1,7,0,0.7,0.7,16
Durham Smythe,MIA,1,2,2,6,0,0.6,0.6,16
Dan Arnold,ARI,1,5,3,25,0,0.5,0.5,16
Vance McDonald,PIT,1,1,1,5,0,0.5,0.5,16
Adam Shaheen,MIA,1,1,1,3,0,0.3,0.3,16
Kahale Warring,HOU,1,3,1,3,0,0.3,0.3,16
Devin Asiasi,NE,1,2,0,0,0,0.0,0.0,16
Seth Devalve,ARI,1,1,0,0,0,0.0,0.0,16
Troy Fumagalli,DEN,1,1,0,0,0,0.0,0.0,16
Jesse James,DET,1,1,0,0,0,0.0,0.0,16
Jordan Reed,SF,1,2,0,0,0,0.0,0.0,16
Ian Thomas,CAR,1,0,0,0,0,0.0,0.0,16
Darren Waller,LV,1,10,9,117,1,15.7,15.7,17
Chris Herndon,NYJ,1,9,7,63,1,12.3,12.3,17
Pharaoh Brown,HOU,1,5,5,48,1,10.8,10.8,17
Jared Cook,NO,1,5,4,43,1,10.3,10.3,17
Devin Asiasi,NE,1,3,2,39,1,9.9,9.9,17
Austin Hooper,CLE,1,5,4,37,1,9.7,9.7,17
Donald Parham,LAC,1,4,3,37,1,9.7,9.7,17
Logan Thomas,WAS,1,6,3,37,1,9.7,9.7,17
Hayden Hurst,ATL,1,6,4,28,1,8.8,8.8,17
Robert Tonyan,GB,1,2,2,18,1,7.8,7.8,17
Troy Fumagalli,DEN,1,3,2,15,1,7.5,7.5,17
Dominique Dafney,GB,1,1,1,13,1,7.3,7.3,17
Dalton Schultz,DAL,1,10,7,70,0,7.0,7.0,17
George Kittle,SF,1,9,7,68,0,6.8,6.8,17
Stephen Anderson,LAC,1,3,3,52,0,5.2,5.2,17
Noah Fant,DEN,1,6,4,48,0,4.8,4.8,17
Mike Gesicki,MIA,1,10,5,47,0,4.7,4.7,17
Dan Arnold,ARI,1,3,3,46,0,4.6,4.6,17
Tyler Higbee,LAR,1,4,3,41,0,4.1,4.1,17
Tyler Conklin,MIN,1,6,3,40,0,4.0,4.0,17
Vance McDonald,PIT,1,6,5,33,0,3.3,3.3,17
Irv Smith,MIN,1,3,2,30,0,3.0,3.0,17
Rob Gronkowski,TB,1,4,2,29,0,2.9,2.9,17
Dawson Knox,BUF,1,8,2,29,0,2.9,2.9,17
Mark Andrews,BAL,1,7,4,27,0,2.7,2.7,17
Gerald Everett,LAR,1,7,2,25,0,2.5,2.5,17
T.J. Hockenson,DET,1,3,3,25,0,2.5,2.5,17
Durham Smythe,MIA,1,3,3,23,0,2.3,2.3,17
Adam Shaheen,MIA,1,3,1,22,0,2.2,2.2,17
Cethan Carter,CIN,1,2,1,21,0,2.1,2.1,17
Ross Dwelley,SF,1,2,2,21,0,2.1,2.1,17
Cole Kmet,CHI,1,8,7,41,0,2.1,2.1,17
Will Dissly,SEA,1,2,1,20,0,2.0,2.0,17
Daniel Brown,NYJ,1,1,1,18,0,1.8,1.8,17
Anthony Firkser,TEN,1,2,2,18,0,1.8,1.8,17
Jack Doyle,IND,1,3,3,17,0,1.7,1.7,17
Evan Engram,NYG,1,4,2,17,0,1.7,1.7,17
Zach Ertz,PHI,1,6,3,16,0,1.6,1.6,17
Kaden Smith,NYG,1,1,1,16,0,1.6,1.6,17
Drew Sample,CIN,1,3,2,15,0,1.5,1.5,17
David Njoku,CLE,1,5,2,13,0,1.3,1.3,17
Luke Stocker,ATL,1,1,1,13,0,1.3,1.3,17
Cameron Brate,TB,1,2,1,11,0,1.1,1.1,17
Tyler Eifert,JAC,1,2,1,10,0,1.0,1.0,17
James O'Shaughnessy,JAC,1,1,1,10,0,1.0,1.0,17
Levine Toilolo,NYG,1,1,1,10,0,1.0,1.0,17
Jordan Akins,HOU,1,2,1,9,0,0.9,0.9,17
Marcedes Lewis,GB,1,1,1,9,0,0.9,0.9,17
Eric Saubert,JAC,1,1,1,9,0,0.9,0.9,17
Jonnu Smith,TEN,1,2,1,8,0,0.8,0.8,17
Foster Moreau,LV,1,1,1,7,0,0.7,0.7,17
Jacob Hollister,SEA,1,3,1,6,0,0.6,0.6,17
Dalton Keene,NE,1,2,1,6,0,0.6,0.6,17
Deon Yelder,KC,1,6,2,6,0,0.6,0.6,17
Jimmy Graham,CHI,1,2,2,5,0,0.5,0.5,17
Adam Trautman,NO,1,1,1,5,0,0.5,0.5,17
Juwan Johnson,NO,1,1,1,4,0,0.4,0.4,17
Charlie Woerner,SF,1,1,1,3,0,0.3,0.3,17
Jesse James,DET,1,1,1,2,0,0.2,0.2,17
Hunter Bryant,DET,1,1,0,0,0,0.0,0.0,17
Kevin Rader,PIT,1,1,0,0,0,0.0,0.0,17
Ian Thomas,CAR,1,3,1,-1,0,-0.1,-0.1,17
