Player,Team,G,Target,Rec,Yard,TD,Att,Yard,TD,FPts,FPts/G,Week
Davante Adams,GB,1,17,14,156,2,0,0,0,27.6,27.6,1
Calvin Ridley,ATL,1,12,9,130,2,1,-1,0,24.9,24.9,1
Adam Thielen,MIN,1,8,6,110,2,0,0,0,23.0,23.0,1
Darius Slayton,NYG,1,9,6,102,2,0,0,0,22.2,22.2,1
JuJu Smith-Schuster,PIT,1,6,6,69,2,0,0,0,18.9,18.9,1
Robby Anderson,CAR,1,8,6,115,1,0,0,0,17.5,17.5,1
Jamison Crowder,NYJ,1,13,7,115,1,0,0,0,17.5,17.5,1
Julio Jones,ATL,1,12,9,157,0,0,0,0,15.7,15.7,1
Marquez Valdes-Scantling,GB,1,6,4,96,1,0,0,0,15.6,15.6,1
DK Metcalf,SEA,1,8,4,95,1,0,0,0,15.5,15.5,1
DeAndre Hopkins,ARI,1,16,14,151,0,0,0,0,15.1,15.1,1
Sammy Watkins,KC,1,9,7,82,1,1,3,0,14.5,14.5,1
Allen Lazard,GB,1,4,4,63,1,1,19,0,14.2,14.2,1
Anthony Miller,CHI,1,6,4,76,1,0,0,0,13.6,13.6,1
John Brown,BUF,1,10,6,70,1,0,0,0,13.0,13.0,1
Willie Snead,BAL,1,4,4,64,1,0,0,0,12.4,12.4,1
Robert Woods,LAR,1,8,6,105,0,1,14,0,11.9,11.9,1
Russell Gage,ATL,1,12,9,114,0,0,0,0,11.4,11.4,1
Will Fuller,HOU,1,10,8,112,0,0,0,0,11.2,11.2,1
Keelan Cole,JAC,1,5,5,47,1,0,0,0,10.7,10.7,1
Laviska Shenault,JAC,1,4,3,37,1,2,10,0,10.7,10.7,1
Tyreek Hill,KC,1,6,5,46,1,0,0,0,10.6,10.6,1
Marquise Brown,BAL,1,6,5,101,0,0,0,0,10.1,10.1,1
Corey Davis,TEN,1,8,7,101,0,0,0,0,10.1,10.1,1
James Washington,PIT,1,3,2,34,1,0,0,0,9.4,9.4,1
Tyler Lockett,SEA,1,8,8,92,0,0,0,0,9.2,9.2,1
Stefon Diggs,BUF,1,9,8,86,0,0,0,0,8.6,8.6,1
D.J. Chark,JAC,1,3,3,25,1,0,0,0,8.5,8.5,1
Nelson Agholor,LV,1,1,1,23,1,0,0,0,8.3,8.3,1
Danny Amendola,DET,1,7,5,81,0,0,0,0,8.1,8.1,1
Amari Cooper,DAL,1,14,10,81,0,0,0,0,8.1,8.1,1
Parris Campbell,IND,1,9,6,71,0,1,9,0,8.0,8.0,1
Julian Edelman,NE,1,7,5,57,0,1,23,0,8.0,8.0,1
Chris Godwin,TB,1,7,6,79,0,0,0,0,7.9,7.9,1
Scotty Miller,TB,1,6,5,73,0,1,6,0,7.9,7.9,1
Emmanuel Sanders,NO,1,5,3,15,1,0,0,0,7.5,7.5,1
Allen Robinson,CHI,1,9,5,74,0,1,-1,0,7.3,7.3,1
Mike Williams,LAC,1,9,4,69,0,0,0,0,6.9,6.9,1
Henry Ruggs III,LV,1,5,3,55,0,2,11,0,6.6,6.6,1
Mike Evans,TB,1,4,1,2,1,0,0,0,6.2,6.2,1
Jarvis Landry,CLE,1,6,5,61,0,0,0,0,6.1,6.1,1
Terry McLaurin,WAS,1,7,5,61,0,0,0,0,6.1,6.1,1
Javon Wims,CHI,1,2,1,1,1,0,0,0,6.1,6.1,1
CeeDee Lamb,DAL,1,6,5,59,0,0,0,0,5.9,5.9,1
Cole Beasley,BUF,1,7,4,58,0,0,0,0,5.8,5.8,1
Diontae Johnson,PIT,1,10,6,57,0,0,0,0,5.7,5.7,1
Jerry Jeudy,DEN,1,8,4,56,0,0,0,0,5.6,5.6,1
Olabisi Johnson,MIN,1,4,3,56,0,0,0,0,5.6,5.6,1
Marvin Jones,DET,1,8,4,55,0,0,0,0,5.5,5.5,1
Jalen Reagor,PHI,1,4,1,55,0,0,0,0,5.5,5.5,1
D.J. Moore,CAR,1,9,4,54,0,0,0,0,5.4,5.4,1
T.Y. Hilton,IND,1,9,4,53,0,0,0,0,5.3,5.3,1
A.J. Green,CIN,1,9,5,51,0,0,0,0,5.1,5.1,1
Michael Gallup,DAL,1,5,3,50,0,0,0,0,5.0,5.0,1
Steven Sims,WAS,1,3,3,50,0,0,0,0,5.0,5.0,1
Chase Claypool,PIT,1,2,2,39,0,1,8,0,4.7,4.7,1
Adam Humphries,TEN,1,7,6,47,0,0,0,0,4.7,4.7,1
DeVante Parker,MIA,1,4,4,47,0,0,0,0,4.7,4.7,1
Sterling Shepard,NYG,1,6,6,47,0,0,0,0,4.7,4.7,1
DeSean Jackson,PHI,1,7,2,46,0,0,0,0,4.6,4.6,1
Quintez Cephus,DET,1,10,3,43,0,0,0,0,4.3,4.3,1
Curtis Samuel,CAR,1,8,5,38,0,1,5,0,4.3,4.3,1
Preston Williams,MIA,1,7,2,41,0,0,0,0,4.1,4.1,1
Cooper Kupp,LAR,1,5,4,40,0,0,0,0,4.0,4.0,1
David Moore,SEA,1,3,3,28,0,1,12,0,4.0,4.0,1
A.J. Brown,TEN,1,8,5,39,0,0,0,0,3.9,3.9,1
Darnell Mooney,CHI,1,3,3,38,0,0,0,0,3.8,3.8,1
Keenan Allen,LAC,1,8,4,37,0,0,0,0,3.7,3.7,1
Miles Boykin,BAL,1,4,3,37,0,0,0,0,3.7,3.7,1
Kendrick Bourne,SF,1,5,2,34,0,0,0,0,3.4,3.4,1
Larry Fitzgerald,ARI,1,5,4,34,0,0,0,0,3.4,3.4,1
Tyler Boyd,CIN,1,5,4,33,0,0,0,0,3.3,3.3,1
Van Jefferson,LAR,1,3,1,31,0,0,0,0,3.1,3.1,1
Cordarrelle Patterson,CHI,1,1,1,12,0,4,19,0,3.1,3.1,1
Greg Ward,PHI,1,7,5,31,0,0,0,0,3.1,3.1,1
Tim Patrick,DEN,1,5,4,29,0,0,0,0,2.9,2.9,1
Marvin Hall,DET,1,2,1,26,0,0,0,0,2.6,2.6,1
Deonte Harris,NO,1,1,1,17,0,1,9,0,2.6,2.6,1
Justin Jefferson,MIN,1,3,2,26,0,0,0,0,2.6,2.6,1
Jakeem Grant,MIA,1,4,3,25,0,0,0,0,2.5,2.5,1
Randall Cobb,HOU,1,3,2,23,0,0,0,0,2.3,2.3,1
Odell Beckham Jr,CLE,1,10,3,22,0,0,0,0,2.2,2.2,1
Dontrelle Inman,WAS,1,5,2,21,0,0,0,0,2.1,2.1,1
Hunter Renfrow,LV,1,2,2,21,0,0,0,0,2.1,2.1,1
Brandin Cooks,HOU,1,5,2,20,0,0,0,0,2.0,2.0,1
Demarcus Robinson,KC,1,6,3,20,0,0,0,0,2.0,2.0,1
N'Keal Harry,NE,1,6,5,39,0,0,0,0,1.9,1.9,1
DaeSean Hamilton,DEN,1,3,1,18,0,0,0,0,1.8,1.8,1
Zach Pascal,IND,1,3,2,18,0,0,0,0,1.8,1.8,1
C.J. Board,NYG,1,2,2,17,0,0,0,0,1.7,1.7,1
Isaiah McKenzie,BUF,1,3,3,17,0,0,0,0,1.7,1.7,1
Breshad Perriman,NYJ,1,5,3,17,0,0,0,0,1.7,1.7,1
Josh Reynolds,LAR,1,1,1,17,0,0,0,0,1.7,1.7,1
John Ross,CIN,1,5,2,17,0,0,0,0,1.7,1.7,1
Freddie Swain,SEA,1,1,1,17,0,0,0,0,1.7,1.7,1
Michael Thomas,NO,1,5,3,17,0,0,0,0,1.7,1.7,1
Mike Thomas,CIN,1,3,2,17,0,0,0,0,1.7,1.7,1
Gabriel Davis,BUF,1,2,2,16,0,0,0,0,1.6,1.6,1
Jalen Guyton,LAC,1,1,1,16,0,0,0,0,1.6,1.6,1
Collin Johnson,JAC,1,1,1,14,0,0,0,0,1.4,1.4,1
Isaiah Ford,MIA,1,4,2,13,0,0,0,0,1.3,1.3,1
Devin Duvernay,BAL,1,1,1,12,0,0,0,0,1.2,1.2,1
KhaDarel Hodge,CLE,1,3,1,12,0,0,0,0,1.2,1.2,1
Michael Pittman Jr,IND,1,2,2,10,0,0,0,0,1.0,1.0,1
Bryan Edwards,LV,1,1,1,9,0,0,0,0,0.9,0.9,1
Rashard Higgins,CLE,1,1,1,9,0,0,0,0,0.9,0.9,1
DeAndre Carter,HOU,1,2,1,8,0,0,0,0,0.8,0.8,1
Tyrie Cleveland,DEN,1,1,1,7,0,0,0,0,0.7,0.7,1
Trent Taylor,SF,1,5,2,7,0,0,0,0,0.7,0.7,1
Chris Conley,JAC,1,1,1,6,0,0,0,0,0.6,0.6,1
Mecole Hardman,KC,1,1,1,6,0,0,0,0,0.6,0.6,1
Justin Watson,TB,1,2,1,6,0,0,0,0,0.6,0.6,1
Seth Roberts,CAR,1,2,1,5,0,0,0,0,0.5,0.5,1
Tre'Quan Smith,NO,1,1,1,4,0,0,0,0,0.4,0.4,1
Jamal Agnew,DET,1,1,0,0,0,0,0,0,0.0,0.0,1
Ted Ginn Jr,CHI,1,1,0,0,0,0,0,0,0.0,0.0,1
Chris Hogan,NYJ,1,4,1,0,0,0,0,0,0.0,0.0,1
Christian Kirk,ARI,1,5,1,0,0,0,0,0,0.0,0.0,1
Dante Pettis,SF,1,1,0,0,0,0,0,0,0.0,0.0,1
Damion Ratley,NYG,1,1,0,0,0,0,0,0,0.0,0.0,1
Kalif Raymond,TEN,1,2,0,0,0,0,0,0,0.0,0.0,1
Tajae Sharpe,MIN,1,1,0,0,0,0,0,0,0.0,0.0,1
Kenny Stills,HOU,1,2,0,0,0,0,0,0,0.0,0.0,1
John Hightower,PHI,1,4,1,-2,0,0,0,0,-0.2,-0.2,1
Calvin Ridley,ATL,1,10,7,109,2,0,0,0,22.9,22.9,2
Stefon Diggs,BUF,1,13,8,153,1,0,0,0,21.3,21.3,2
Terry McLaurin,WAS,1,10,7,125,1,0,0,0,18.5,18.5,2
Julian Edelman,NE,1,11,8,179,0,0,0,0,17.9,17.9,2
Tyreek Hill,KC,1,11,5,99,1,1,9,0,16.8,16.8,2
Mike Evans,TB,1,10,7,104,1,0,0,0,16.4,16.4,2
Diontae Johnson,PIT,1,13,8,92,1,0,0,0,15.2,15.2,2
DK Metcalf,SEA,1,6,4,92,1,0,0,0,15.2,15.2,2
Chase Claypool,PIT,1,3,3,88,1,0,0,0,14.8,14.8,2
John Brown,BUF,1,6,4,82,1,0,0,0,14.2,14.2,2
Odell Beckham Jr,CLE,1,6,4,74,1,0,0,0,13.4,13.4,2
Tyler Boyd,CIN,1,8,7,72,1,0,0,0,13.2,13.2,2
DeAndre Hopkins,ARI,1,9,8,68,1,0,0,0,12.8,12.8,2
Tyler Lockett,SEA,1,8,7,67,1,0,0,0,12.7,12.7,2
D.J. Moore,CAR,1,13,8,120,0,0,0,0,12.0,12.0,2
Braxton Berrios,NYJ,1,8,6,59,1,0,0,0,11.9,11.9,2
Keelan Cole,JAC,1,7,6,58,1,0,0,0,11.8,11.8,2
CeeDee Lamb,DAL,1,9,6,106,0,1,9,0,11.5,11.5,2
DeVante Parker,MIA,1,8,5,53,1,0,0,0,11.3,11.3,2
Adam Humphries,TEN,1,6,5,48,1,0,0,0,10.8,10.8,2
David Moore,SEA,1,3,3,48,1,0,0,0,10.8,10.8,2
Russell Gage,ATL,1,9,6,46,1,0,0,0,10.6,10.6,2
Amari Cooper,DAL,1,9,6,100,0,0,0,0,10.0,10.0,2
Keenan Allen,LAC,1,10,7,96,0,0,0,0,9.6,9.6,2
Corey Davis,TEN,1,5,3,36,1,0,0,0,9.6,9.6,2
Darnell Mooney,CHI,1,3,3,36,1,0,0,0,9.6,9.6,2
Brandin Cooks,HOU,1,8,5,95,0,0,0,0,9.5,9.5,2
Robert Woods,LAR,1,5,2,14,0,3,19,1,9.3,9.3,2
Mike Thomas,CIN,1,4,4,31,1,0,0,0,9.1,9.1,2
Robby Anderson,CAR,1,10,9,109,0,0,0,0,8.9,8.9,2
Tre'Quan Smith,NO,1,7,5,86,0,0,0,0,8.6,8.6,2
D.J. Chark,JAC,1,4,4,84,0,0,0,0,8.4,8.4,2
Marvin Hall,DET,1,2,1,24,1,0,0,0,8.4,8.4,2
Marvin Jones,DET,1,6,4,23,1,0,0,0,8.3,8.3,2
Freddie Swain,SEA,1,1,1,21,1,0,0,0,8.1,8.1,2
Cooper Kupp,LAR,1,6,5,81,0,2,19,0,8.0,8.0,2
Zach Pascal,IND,1,4,3,19,1,0,0,0,7.9,7.9,2
Isaiah Ford,MIA,1,9,7,76,0,0,0,0,7.6,7.6,2
Chris Hogan,NYJ,1,8,6,75,0,0,0,0,7.5,7.5,2
Zay Jones,LV,1,1,1,15,1,0,0,0,7.5,7.5,2
Jalen Guyton,LAC,1,2,1,14,1,0,0,0,7.4,7.4,2
Damiere Byrd,NE,1,9,6,72,0,0,0,0,7.2,7.2,2
N'Keal Harry,NE,1,12,8,72,0,0,0,0,7.2,7.2,2
Laviska Shenault,JAC,1,4,3,35,0,5,37,0,7.2,7.2,2
Cole Beasley,BUF,1,6,5,70,0,0,0,0,7.0,7.0,2
Kendrick Bourne,SF,1,5,4,67,0,0,0,0,6.7,6.7,2
Andy Isabella,ARI,1,2,2,67,0,0,0,0,6.7,6.7,2
Gabriel Davis,BUF,1,1,1,6,1,1,0,0,6.6,6.6,2
Courtland Sutton,DEN,1,6,3,66,0,0,0,0,6.6,6.6,2
DeSean Jackson,PHI,1,9,6,64,0,0,0,0,6.4,6.4,2
Marquez Valdes-Scantling,GB,1,7,3,64,0,0,0,0,6.4,6.4,2
Jerry Jeudy,DEN,1,7,4,62,0,0,0,0,6.2,6.2,2
Christian Kirk,ARI,1,4,2,57,0,1,3,0,6.0,6.0,2
Randall Cobb,HOU,1,6,5,59,0,0,0,0,5.9,5.9,2
Michael Gallup,DAL,1,5,2,58,0,0,0,0,5.8,5.8,2
KJ Hamler,DEN,1,7,3,48,0,1,9,0,5.7,5.7,2
Quintez Cephus,DET,1,3,3,54,0,0,0,0,5.4,5.4,2
Steven Sims,WAS,1,5,3,53,0,0,0,0,5.3,5.3,2
Larry Fitzgerald,ARI,1,7,7,50,0,0,0,0,5.0,5.0,2
Chris Conley,JAC,1,7,4,48,0,0,0,0,4.8,4.8,2
JuJu Smith-Schuster,PIT,1,8,7,48,0,0,0,0,4.8,4.8,2
Justin Watson,TB,1,3,2,48,0,0,0,0,4.8,4.8,2
Isaiah McKenzie,BUF,1,2,2,47,0,0,0,0,4.7,4.7,2
Golden Tate,NYG,1,5,5,47,0,0,0,0,4.7,4.7,2
Jarvis Landry,CLE,1,3,3,46,0,0,0,0,4.6,4.6,2
Allen Lazard,GB,1,5,3,45,0,0,0,0,4.5,4.5,2
Justin Jefferson,MIN,1,3,3,44,0,0,0,0,4.4,4.4,2
Van Jefferson,LAR,1,5,4,45,0,1,-1,0,4.4,4.4,2
Marquise Brown,BAL,1,6,5,42,0,0,0,0,4.2,4.2,2
Bryan Edwards,LV,1,2,2,42,0,0,0,0,4.2,4.2,2
Jalen Reagor,PHI,1,4,4,41,0,0,0,0,4.1,4.1,2
KhaDarel Hodge,CLE,1,2,2,39,0,0,0,0,3.9,3.9,2
Curtis Samuel,CAR,1,2,2,13,0,4,26,0,3.9,3.9,2
Miles Boykin,BAL,1,5,4,38,0,0,0,0,3.8,3.8,2
Cameron Batson,TEN,1,2,2,26,0,1,11,0,3.7,3.7,2
Michael Pittman Jr,IND,1,6,4,37,0,0,0,0,3.7,3.7,2
Hunter Renfrow,LV,1,3,3,37,0,0,0,0,3.7,3.7,2
Davante Adams,GB,1,3,3,36,0,0,0,0,3.6,3.6,2
Tee Higgins,CIN,1,6,3,35,0,0,0,0,3.5,3.5,2
Sterling Shepard,NYG,1,4,2,29,0,1,6,0,3.5,3.5,2
Deonte Harris,NO,1,5,3,23,0,1,11,0,3.4,3.4,2
Mecole Hardman,KC,1,3,2,30,0,1,3,0,3.3,3.3,2
Cordarrelle Patterson,CHI,1,2,2,8,0,7,25,0,3.3,3.3,2
Josh Reynolds,LAR,1,2,2,33,0,0,0,0,3.3,3.3,2
Allen Robinson,CHI,1,9,3,33,0,0,0,0,3.3,3.3,2
Darius Slayton,NYG,1,6,3,33,0,0,0,0,3.3,3.3,2
C.J. Board,NYG,1,3,3,32,0,0,0,0,3.2,3.2,2
Adam Thielen,MIN,1,8,3,31,0,0,0,0,3.1,3.1,2
A.J. Green,CIN,1,13,3,29,0,0,0,0,2.9,2.9,2
Willie Snead,BAL,1,2,2,29,0,0,0,0,2.9,2.9,2
Noah Brown,DAL,1,2,2,28,0,0,0,0,2.8,2.8,2
T.Y. Hilton,IND,1,5,3,28,0,0,0,0,2.8,2.8,2
Josh Malone,NYJ,1,6,4,16,0,1,12,0,2.8,2.8,2
Demarcus Robinson,KC,1,4,3,28,0,0,0,0,2.8,2.8,2
Preston Williams,MIA,1,5,1,26,0,0,0,0,2.6,2.6,2
Olabisi Johnson,MIN,1,3,1,24,0,0,0,0,2.4,2.4,2
Julio Jones,ATL,1,4,2,24,0,0,0,0,2.4,2.4,2
Tim Patrick,DEN,1,5,2,24,0,0,0,0,2.4,2.4,2
James Washington,PIT,1,5,3,22,0,0,0,0,2.2,2.2,2
Brandon Aiyuk,SF,1,3,2,21,0,0,0,0,2.1,2.1,2
Danny Amendola,DET,1,7,2,21,0,0,0,0,2.1,2.1,2
Nelson Agholor,LV,1,1,1,19,0,0,0,0,1.9,1.9,2
Devin Duvernay,BAL,1,1,1,19,0,0,0,0,1.9,1.9,2
Emmanuel Sanders,NO,1,3,1,18,0,0,0,0,1.8,1.8,2
Dontrelle Inman,WAS,1,5,2,17,0,0,0,0,1.7,1.7,2
Javon Wims,CHI,1,2,2,17,0,0,0,0,1.7,1.7,2
Kenny Stills,HOU,1,3,2,16,0,0,0,0,1.6,1.6,2
Mike Williams,LAC,1,4,2,14,0,0,0,0,1.4,1.4,2
Scotty Miller,TB,1,3,2,11,0,1,1,0,1.2,1.2,2
Breshad Perriman,NYJ,1,2,2,12,0,0,0,0,1.2,1.2,2
Sammy Watkins,KC,1,3,1,11,0,0,0,0,1.1,1.1,2
Trent Taylor,SF,1,3,2,10,0,0,0,0,1.0,1.0,2
Olamide Zaccheaus,ATL,1,1,1,10,0,0,0,0,1.0,1.0,2
Joe Reed,LAC,1,0,0,0,0,1,8,0,0.8,0.8,2
Parris Campbell,IND,1,0,0,0,0,1,7,0,0.7,0.7,2
Jakobi Meyers,NE,1,1,1,7,0,0,0,0,0.7,0.7,2
Ashton Dulin,IND,1,1,1,6,0,0,0,0,0.6,0.6,2
DaeSean Hamilton,DEN,1,3,1,5,0,0,0,0,0.5,0.5,2
Greg Ward,PHI,1,1,1,5,0,0,0,0,0.5,0.5,2
Henry Ruggs III,LV,1,3,1,4,0,0,0,0,0.4,0.4,2
Antonio Gandy-Golden,WAS,1,1,1,3,0,0,0,0,0.3,0.3,2
Jakeem Grant,MIA,1,1,1,2,0,0,0,0,0.2,0.2,2
Jamal Agnew,DET,1,1,1,0,0,0,0,0,0.0,0.0,2
JJ Arcega-Whiteside,PHI,1,2,0,0,0,0,0,0,0.0,0.0,2
Will Fuller,HOU,1,0,0,0,0,1,0,0,0.0,0.0,2
Cyril Grayson,TB,1,1,0,0,0,0,0,0,0.0,0.0,2
Collin Johnson,JAC,1,3,0,0,0,0,0,0,0.0,0.0,2
Anthony Miller,CHI,1,3,0,0,0,0,0,0,0.0,0.0,2
Damion Ratley,NYG,1,2,0,0,0,0,0,0,0.0,0.0,2
John Ross,CIN,1,2,0,0,0,0,0,0,0.0,0.0,2
Lynn Bowden Jr,MIA,1,1,1,-1,0,0,0,0,-0.1,-0.1,2
Keke Coutee,HOU,1,2,2,11,0,0,0,0,-0.9,-0.9,2
Tyler Lockett,SEA,1,13,9,100,3,0,0,0,28.0,28.0,3
Justin Jefferson,MIN,1,9,7,175,1,0,0,0,23.5,23.5,3
Cedrick Wilson,DAL,1,7,5,107,2,0,0,0,22.7,22.7,3
Allen Lazard,GB,1,8,6,146,1,1,-2,0,20.4,20.4,3
Michael Gallup,DAL,1,9,6,138,1,0,0,0,19.8,19.8,3
Allen Robinson,CHI,1,13,10,123,1,0,0,0,18.3,18.3,3
Keenan Allen,LAC,1,19,13,132,1,0,0,0,17.2,17.2,3
Cooper Kupp,LAR,1,10,9,107,1,0,0,0,16.7,16.7,3
Robert Woods,LAR,1,6,5,74,1,3,30,0,16.4,16.4,3
Tyreek Hill,KC,1,6,5,77,1,2,25,0,16.2,16.2,3
Brandon Aiyuk,SF,1,8,5,70,0,3,31,1,16.1,16.1,3
Andy Isabella,ARI,1,4,4,47,2,1,-6,0,16.1,16.1,3
Tee Higgins,CIN,1,9,5,40,2,0,0,0,16.0,16.0,3
Dontrelle Inman,WAS,1,6,3,38,2,0,0,0,15.8,15.8,3
Randall Cobb,HOU,1,4,4,95,1,0,0,0,15.5,15.5,3
DK Metcalf,SEA,1,8,4,110,1,0,0,0,15.0,15.0,3
Hunter Renfrow,LV,1,9,6,84,1,0,0,0,14.4,14.4,3
Mecole Hardman,KC,1,6,4,81,1,0,0,0,14.1,14.1,3
DeAndre Hopkins,ARI,1,12,10,137,0,0,0,0,13.7,13.7,3
Greg Ward,PHI,1,11,8,72,1,1,-6,0,12.6,12.6,3
Tyler Boyd,CIN,1,13,10,125,0,0,0,0,12.5,12.5,3
Braxton Berrios,NYJ,1,4,4,64,1,0,0,0,12.4,12.4,3
Chris Godwin,TB,1,6,5,64,1,0,0,0,12.4,12.4,3
Mike Evans,TB,1,4,2,2,2,0,0,0,12.2,12.2,3
Kenny Golladay,DET,1,7,6,57,1,0,0,0,11.7,11.7,3
Calvin Ridley,ATL,1,13,5,110,0,1,7,0,11.7,11.7,3
Emmanuel Sanders,NO,1,5,4,56,1,0,0,0,11.6,11.6,3
Kalif Raymond,TEN,1,3,3,118,0,1,-3,0,11.5,11.5,3
Will Fuller,HOU,1,5,4,54,1,0,0,0,11.4,11.4,3
Anthony Miller,CHI,1,5,2,41,1,1,9,0,11.0,11.0,3
Stefon Diggs,BUF,1,6,4,49,1,0,0,0,10.9,10.9,3
Tim Patrick,DEN,1,4,4,43,1,0,0,0,10.3,10.3,3
JuJu Smith-Schuster,PIT,1,5,4,43,1,0,0,0,10.3,10.3,3
Cole Beasley,BUF,1,7,6,100,0,0,0,0,10.0,10.0,3
Adam Thielen,MIN,1,5,3,29,1,1,4,0,9.3,9.3,3
Amari Cooper,DAL,1,12,9,86,0,0,0,0,8.6,8.6,3
Terry McLaurin,WAS,1,8,4,83,0,1,3,0,8.6,8.6,3
Scotty Miller,TB,1,5,3,83,0,0,0,0,8.3,8.3,3
Gabriel Davis,BUF,1,4,4,81,0,0,0,0,8.1,8.1,3
Corey Davis,TEN,1,6,5,69,0,0,0,0,6.9,6.9,3
DeVante Parker,MIA,1,5,5,69,0,0,0,0,6.9,6.9,3
Preston Williams,MIA,1,2,2,7,1,0,0,0,6.7,6.7,3
CeeDee Lamb,DAL,1,6,5,65,0,1,1,0,6.6,6.6,3
D.J. Moore,CAR,1,4,2,65,0,0,0,0,6.5,6.5,3
Kendrick Bourne,SF,1,6,4,63,0,0,0,0,6.3,6.3,3
Sammy Watkins,KC,1,8,7,62,0,0,0,0,6.2,6.2,3
Odell Beckham Jr,CLE,1,6,4,59,0,0,0,0,5.9,5.9,3
Robby Anderson,CAR,1,6,5,55,0,0,0,0,5.5,5.5,3
Jerry Jeudy,DEN,1,9,5,55,0,0,0,0,5.5,5.5,3
T.Y. Hilton,IND,1,3,3,52,0,0,0,0,5.2,5.2,3
Curtis Samuel,CAR,1,4,4,45,0,4,7,0,5.2,5.2,3
Marvin Jones,DET,1,3,3,51,0,0,0,0,5.1,5.1,3
Bryan Edwards,LV,1,3,2,48,0,0,0,0,4.8,4.8,3
Jakeem Grant,MIA,1,1,1,19,0,1,29,0,4.8,4.8,3
Keelan Cole,JAC,1,5,4,43,0,0,0,0,4.3,4.3,3
Tre'Quan Smith,NO,1,6,4,42,0,0,0,0,4.2,4.2,3
Adam Humphries,TEN,1,7,4,41,0,1,0,0,4.1,4.1,3
Olamide Zaccheaus,ATL,1,6,4,41,0,0,0,0,4.1,4.1,3
Josh Reynolds,LAR,1,5,4,60,0,0,0,0,4.0,4.0,3
A.J. Green,CIN,1,6,5,36,0,0,0,0,3.6,3.6,3
N'Keal Harry,NE,1,4,2,34,0,1,2,0,3.6,3.6,3
Jarvis Landry,CLE,1,4,4,36,0,0,0,0,3.6,3.6,3
Golden Tate,NYG,1,7,5,36,0,0,0,0,3.6,3.6,3
James Washington,PIT,1,7,5,36,0,0,0,0,3.6,3.6,3
Lawrence Cager,NYJ,1,4,2,35,0,0,0,0,3.5,3.5,3
Kenny Stills,HOU,1,4,3,35,0,0,0,0,3.5,3.5,3
Chris Conley,JAC,1,8,3,34,0,0,0,0,3.4,3.4,3
Zach Pascal,IND,1,4,2,34,0,0,0,0,3.4,3.4,3
Laviska Shenault,JAC,1,6,5,33,0,1,1,0,3.4,3.4,3
Darius Slayton,NYG,1,7,3,53,0,0,0,0,3.3,3.3,3
Nelson Agholor,LV,1,3,2,32,0,0,0,0,3.2,3.2,3
Zay Jones,LV,1,3,3,32,0,0,0,0,3.2,3.2,3
Isaiah Wright,WAS,1,6,4,24,0,1,6,0,3.0,3.0,3
Ted Ginn Jr,CHI,1,3,1,29,0,0,0,0,2.9,2.9,3
Damion Ratley,NYG,1,2,1,29,0,0,0,0,2.9,2.9,3
Auden Tate,CIN,1,4,2,29,0,0,0,0,2.9,2.9,3
KJ Hamler,DEN,1,5,3,30,0,1,-2,0,2.8,2.8,3
Damiere Byrd,NE,1,3,3,27,0,0,0,0,2.7,2.7,3
Brandon Powell,ATL,1,4,3,27,0,0,0,0,2.7,2.7,3
Russell Gage,ATL,1,3,2,26,0,0,0,0,2.6,2.6,3
Michael Pittman Jr,IND,1,4,3,26,0,0,0,0,2.6,2.6,3
Chase Claypool,PIT,1,4,1,24,0,0,0,0,2.4,2.4,3
KeeSean Johnson,ARI,1,7,2,24,0,0,0,0,2.4,2.4,3
Brandin Cooks,HOU,1,5,3,23,0,0,0,0,2.3,2.3,3
Daurice Fountain,IND,1,2,2,23,0,0,0,0,2.3,2.3,3
Jalen Guyton,LAC,1,3,2,23,0,0,0,0,2.3,2.3,3
Jamal Agnew,DET,1,2,2,20,0,1,2,0,2.2,2.2,3
Julian Edelman,NE,1,6,2,23,0,1,-1,0,2.2,2.2,3
Antonio Gandy-Golden,WAS,1,2,0,0,0,1,22,0,2.2,2.2,3
Trent Taylor,SF,1,1,1,20,0,0,0,0,2.0,2.0,3
Deontay Burnett,PHI,1,4,3,19,0,0,0,0,1.9,1.9,3
John Hightower,PHI,1,3,2,19,0,0,0,0,1.9,1.9,3
Darnell Mooney,CHI,1,5,2,19,0,0,0,0,1.9,1.9,3
Danny Amendola,DET,1,4,1,18,0,0,0,0,1.8,1.8,3
Mike Williams,LAC,1,1,1,17,0,0,0,0,1.7,1.7,3
Seth Roberts,CAR,1,3,2,16,0,0,0,0,1.6,1.6,3
K.J. Hill,LAC,1,4,1,15,0,0,0,0,1.5,1.5,3
Isaiah Ford,MIA,1,2,2,14,0,0,0,0,1.4,1.4,3
Marquise Brown,BAL,1,6,2,13,0,0,0,0,1.3,1.3,3
Cordarrelle Patterson,CHI,1,0,0,0,0,4,13,0,1.3,1.3,3
Freddie Swain,SEA,1,1,1,13,0,0,0,0,1.3,1.3,3
Isaiah Zuber,NE,1,0,0,0,0,1,13,0,1.3,1.3,3
DeSean Jackson,PHI,1,4,2,11,0,0,0,0,1.1,1.1,3
Isaiah McKenzie,BUF,1,2,1,6,0,1,4,0,1.0,1.0,3
C.J. Board,NYG,1,2,1,9,0,0,0,0,0.9,0.9,3
Noah Brown,DAL,1,2,1,9,0,0,0,0,0.9,0.9,3
Diontae Johnson,PIT,1,2,0,0,0,1,9,0,0.9,0.9,3
Mohamed Sanu,SF,1,1,1,9,0,0,0,0,0.9,0.9,3
Mike Thomas,CIN,1,2,2,9,0,0,0,0,0.9,0.9,3
Miles Boykin,BAL,1,2,1,8,0,0,0,0,0.8,0.8,3
Chad Beebe,MIN,1,1,1,7,0,0,0,0,0.7,0.7,3
Devin Duvernay,BAL,1,3,2,7,0,0,0,0,0.7,0.7,3
Diontae Spencer,DEN,1,1,1,7,0,0,0,0,0.7,0.7,3
Deonte Harris,NO,1,3,2,5,0,0,0,0,0.5,0.5,3
Marquez Valdes-Scantling,GB,1,4,1,5,0,0,0,0,0.5,0.5,3
Willie Snead,BAL,1,2,2,4,0,0,0,0,0.4,0.4,3
Dede Westbrook,JAC,1,1,1,4,0,0,0,0,0.4,0.4,3
Collin Johnson,JAC,1,2,1,3,0,0,0,0,0.3,0.3,3
JoJo Natson,CLE,1,0,0,0,0,1,3,0,0.3,0.3,3
David Moore,SEA,1,1,1,2,0,0,0,0,0.2,0.2,3
John Brown,BUF,1,2,0,0,0,0,0,0,0.0,0.0,3
Ashton Dulin,IND,1,1,0,0,0,0,0,0,0.0,0.0,3
Larry Fitzgerald,ARI,1,3,1,0,0,0,0,0,0.0,0.0,3
KhaDarel Hodge,CLE,1,1,0,0,0,0,0,0,0.0,0.0,3
Chris Hogan,NYJ,1,3,0,0,0,0,0,0,0.0,0.0,3
Van Jefferson,LAR,1,1,0,0,0,0,0,0,0.0,0.0,3
Demarcus Robinson,KC,1,1,0,0,0,0,0,0,0.0,0.0,3
Darrius Shepherd,GB,1,1,0,0,0,0,0,0,0.0,0.0,3
Nick Westbrook-Ikhine,TEN,1,2,0,0,0,0,0,0,0.0,0.0,3
Javon Wims,CHI,1,1,0,0,0,0,0,0,0.0,0.0,3
Odell Beckham Jr,CLE,1,8,5,81,2,2,73,1,33.4,33.4,4
D.J. Chark,JAC,1,9,8,95,2,0,0,0,21.5,21.5,4
CeeDee Lamb,DAL,1,7,5,79,2,1,3,0,20.2,20.2,4
Amari Cooper,DAL,1,16,12,134,1,0,0,0,19.4,19.4,4
Mike Evans,TB,1,8,7,122,1,0,0,0,18.2,18.2,4
Adam Thielen,MIN,1,10,8,114,1,1,8,0,18.2,18.2,4
Tre'Quan Smith,NO,1,4,4,54,2,0,0,0,17.4,17.4,4
Tim Patrick,DEN,1,7,6,113,1,0,0,0,17.3,17.3,4
Will Fuller,HOU,1,7,6,108,1,0,0,0,16.8,16.8,4
Allen Robinson,CHI,1,10,7,101,1,0,0,0,16.1,16.1,4
David Moore,SEA,1,4,3,95,1,0,0,0,15.5,15.5,4
Scotty Miller,TB,1,7,5,83,1,0,0,0,14.3,14.3,4
Jalen Guyton,LAC,1,1,1,72,1,0,0,0,13.2,13.2,4
Cooper Kupp,LAR,1,7,5,69,1,1,-2,0,12.7,12.7,4
Tyreek Hill,KC,1,6,4,64,1,0,0,0,12.4,12.4,4
Kenny Golladay,DET,1,8,4,62,1,0,0,0,12.2,12.2,4
Jerry Jeudy,DEN,1,4,2,61,1,0,0,0,12.1,12.1,4
Terry McLaurin,WAS,1,14,10,118,0,0,0,0,11.8,11.8,4
Travis Fulgham,PHI,1,3,2,57,1,0,0,0,11.7,11.7,4
Brandon Aiyuk,SF,1,5,2,18,0,1,38,1,11.6,11.6,4
Stefon Diggs,BUF,1,7,6,115,0,0,0,0,11.5,11.5,4
Tyron Johnson,LAC,1,1,1,53,1,0,0,0,11.3,11.3,4
DeVante Parker,MIA,1,12,10,110,0,0,0,0,11.0,11.0,4
DK Metcalf,SEA,1,6,4,106,0,0,0,0,10.6,10.6,4
Nelson Agholor,LV,1,4,4,44,1,0,0,0,10.4,10.4,4
Jamison Crowder,NYJ,1,10,7,104,0,0,0,0,10.4,10.4,4
Justin Jefferson,MIN,1,5,4,103,0,0,0,0,10.3,10.3,4
Robby Anderson,CAR,1,11,8,99,0,0,0,0,9.9,9.9,4
Kenny Stills,HOU,1,4,2,39,1,0,0,0,9.9,9.9,4
Tyler Boyd,CIN,1,8,7,90,0,1,4,0,9.4,9.4,4
Emmanuel Sanders,NO,1,9,6,93,0,0,0,0,9.3,9.3,4
Cole Beasley,BUF,1,4,3,32,1,0,0,0,9.2,9.2,4
Laviska Shenault,JAC,1,6,5,86,0,1,5,0,9.1,9.1,4
Tee Higgins,CIN,1,7,4,77,0,1,13,0,9.0,9.0,4
Mecole Hardman,KC,1,4,4,27,1,0,0,0,8.7,8.7,4
Marquise Brown,BAL,1,8,4,86,0,0,0,0,8.6,8.6,4
Gabriel Davis,BUF,1,1,1,26,1,0,0,0,8.6,8.6,4
Olamide Zaccheaus,ATL,1,9,8,86,0,0,0,0,8.6,8.6,4
N'Keal Harry,NE,1,6,3,21,1,0,0,0,8.1,8.1,4
Jeff Smith,NYJ,1,9,7,81,0,0,0,0,8.1,8.1,4
Damiere Byrd,NE,1,10,5,80,0,0,0,0,8.0,8.0,4
Christian Kirk,ARI,1,5,3,19,1,0,0,0,7.9,7.9,4
Keenan Allen,LAC,1,12,8,62,0,0,0,0,6.2,6.2,4
Zach Pascal,IND,1,8,3,58,0,0,0,0,5.8,5.8,4
Danny Amendola,DET,1,3,2,57,0,0,0,0,5.7,5.7,4
Hunter Renfrow,LV,1,8,5,57,0,0,0,0,5.7,5.7,4
Darnell Mooney,CHI,1,9,5,52,0,1,-3,0,4.9,4.9,4
D.J. Moore,CAR,1,6,4,49,0,0,0,0,4.9,4.9,4
Isaiah Ford,MIA,1,10,4,48,0,0,0,0,4.8,4.8,4
Jarvis Landry,CLE,1,6,5,48,0,0,0,0,4.8,4.8,4
Curtis Samuel,CAR,1,4,3,51,0,2,-3,0,4.8,4.8,4
Darius Slayton,NYG,1,7,3,48,0,0,0,0,4.8,4.8,4
Christian Blake,ATL,1,5,3,47,0,0,0,0,4.7,4.7,4
Keelan Cole,JAC,1,5,4,46,0,0,0,0,4.6,4.6,4
Deebo Samuel,SF,1,3,3,35,0,1,10,0,4.5,4.5,4
Marquez Valdes-Scantling,GB,1,8,4,45,0,0,0,0,4.5,4.5,4
Chris Conley,JAC,1,4,3,44,0,0,0,0,4.4,4.4,4
Noah Brown,DAL,1,4,4,43,0,0,0,0,4.3,4.3,4
John Brown,BUF,1,5,4,42,0,0,0,0,4.2,4.2,4
DeAndre Hopkins,ARI,1,9,7,41,0,0,0,0,4.1,4.1,4
Justin Watson,TB,1,6,4,40,0,0,0,0,4.0,4.0,4
Tyler Lockett,SEA,1,4,2,39,0,0,0,0,3.9,3.9,4
Greg Ward,PHI,1,7,4,38,0,0,0,0,3.8,3.8,4
Robert Woods,LAR,1,7,6,36,0,1,2,0,3.8,3.8,4
Randall Cobb,HOU,1,5,2,36,0,0,0,0,3.6,3.6,4
Jakeem Grant,MIA,1,4,3,36,0,0,0,0,3.6,3.6,4
Julian Edelman,NE,1,6,3,35,0,0,0,0,3.5,3.5,4
Damion Ratley,NYG,1,4,3,34,0,0,0,0,3.4,3.4,4
Cedrick Wilson,DAL,1,6,3,34,0,0,0,0,3.4,3.4,4
Kendrick Bourne,SF,1,6,3,33,0,0,0,0,3.3,3.3,4
Julio Jones,ATL,1,4,4,32,0,0,0,0,3.2,3.2,4
Zay Jones,LV,1,6,4,32,0,0,0,0,3.2,3.2,4
Freddie Swain,SEA,1,3,2,32,0,0,0,0,3.2,3.2,4
Michael Gallup,DAL,1,5,2,29,0,0,0,0,2.9,2.9,4
T.Y. Hilton,IND,1,5,3,29,0,0,0,0,2.9,2.9,4
Dontrelle Inman,WAS,1,5,4,29,0,0,0,0,2.9,2.9,4
Isaiah McKenzie,BUF,1,1,1,18,0,2,11,0,2.9,2.9,4
Isaiah Wright,WAS,1,5,4,20,0,1,9,0,2.9,2.9,4
Miles Boykin,BAL,1,4,2,28,0,0,0,0,2.8,2.8,4
Marcus Johnson,IND,1,1,1,27,0,0,0,0,2.7,2.7,4
Josh Reynolds,LAR,1,4,3,25,0,0,0,0,2.5,2.5,4
Chris Hogan,NYJ,1,8,4,23,0,0,0,0,2.3,2.3,4
Sammy Watkins,KC,1,7,4,43,0,0,0,0,2.3,2.3,4
John Hightower,PHI,1,2,2,22,0,0,0,0,2.2,2.2,4
Darrius Shepherd,GB,1,3,2,21,0,0,0,0,2.1,2.1,4
Russell Gage,ATL,1,3,2,22,0,1,-2,0,2.0,2.0,4
Deonte Harris,NO,1,2,1,10,0,2,10,0,2.0,2.0,4
Willie Snead,BAL,1,2,2,20,0,0,0,0,2.0,2.0,4
Golden Tate,NYG,1,6,4,20,0,0,0,0,2.0,2.0,4
Malik Taylor,GB,1,1,1,20,0,0,0,0,2.0,2.0,4
Cam Sims,WAS,1,2,2,17,0,0,0,0,1.7,1.7,4
Marquez Callaway,NO,1,1,1,16,0,0,0,0,1.6,1.6,4
Alex Erickson,CIN,1,1,1,9,0,1,7,0,1.6,1.6,4
Anthony Miller,CHI,1,5,3,16,0,0,0,0,1.6,1.6,4
Auden Tate,CIN,1,1,1,15,0,0,0,0,1.5,1.5,4
Preston Williams,MIA,1,3,1,15,0,0,0,0,1.5,1.5,4
Ted Ginn Jr,CHI,1,2,2,11,0,0,0,0,1.1,1.1,4
Gunner Olszewski,NE,1,1,1,11,0,0,0,0,1.1,1.1,4
Seth Roberts,CAR,1,1,1,10,0,0,0,0,1.0,1.0,4
DaeSean Hamilton,DEN,1,3,1,9,0,0,0,0,0.9,0.9,4
Marvin Jones,DET,1,2,1,9,0,0,0,0,0.9,0.9,4
Isaiah Zuber,NE,1,0,0,0,0,1,8,0,0.8,0.8,4
Lynn Bowden Jr,MIA,1,0,0,0,0,1,5,0,0.5,0.5,4
Cordarrelle Patterson,CHI,1,2,1,0,0,3,5,0,0.5,0.5,4
Mike Thomas,CIN,1,1,1,5,0,0,0,0,0.5,0.5,4
Devin Duvernay,BAL,1,2,1,4,0,0,0,0,0.4,0.4,4
Larry Fitzgerald,ARI,1,3,2,4,0,0,0,0,0.4,0.4,4
Jamal Agnew,DET,1,2,1,1,0,1,2,0,0.3,0.3,4
C.J. Board,NYG,1,1,0,0,0,1,3,0,0.3,0.3,4
A.J. Green,CIN,1,5,1,3,0,0,0,0,0.3,0.3,4
Andy Isabella,ARI,1,3,2,3,0,0,0,0,0.3,0.3,4
Andre Roberts,BUF,1,1,1,6,0,1,-3,0,0.3,0.3,4
Braxton Berrios,NYJ,1,3,0,0,0,0,0,0,0.0,0.0,4
Lawrence Cager,NYJ,1,2,0,0,0,0,0,0,0.0,0.0,4
Brandin Cooks,HOU,1,3,0,0,0,0,0,0,0.0,0.0,4
Daurice Fountain,IND,1,1,0,0,0,0,0,0,0.0,0.0,4
Marvin Hall,DET,1,1,0,0,0,0,0,0,0.0,0.0,4
Van Jefferson,LAR,1,1,0,0,0,0,0,0,0.0,0.0,4
Olabisi Johnson,MIN,1,1,0,0,0,0,0,0,0.0,0.0,4
Calvin Ridley,ATL,1,5,0,0,0,0,0,0,0.0,0.0,4
Trent Taylor,SF,1,1,0,0,0,0,0,0,0.0,0.0,4
Chase Claypool,PIT,1,11,7,110,3,3,6,1,35.6,35.6,5
Mike Williams,LAC,1,8,5,109,2,0,0,0,22.9,22.9,5
Brandin Cooks,HOU,1,12,8,161,1,0,0,0,22.1,22.1,5
DK Metcalf,SEA,1,11,6,93,2,0,0,0,21.3,21.3,5
Travis Fulgham,PHI,1,13,10,152,1,0,0,0,21.2,21.2,5
Adam Thielen,MIN,1,13,9,80,2,1,3,0,20.3,20.3,5
DeAndre Hopkins,ARI,1,7,6,131,1,0,0,0,19.1,19.1,5
Henry Ruggs III,LV,1,3,2,118,1,0,0,0,17.8,17.8,5
Jamison Crowder,NYJ,1,10,8,116,1,0,0,0,17.6,17.6,5
Preston Williams,MIA,1,5,4,106,1,0,0,0,16.6,16.6,5
Tyreek Hill,KC,1,6,3,78,0,3,15,1,15.3,15.3,5
D.J. Moore,CAR,1,5,4,93,1,0,0,0,15.3,15.3,5
A.J. Brown,TEN,1,9,7,82,1,0,0,0,14.2,14.2,5
Marquise Brown,BAL,1,10,6,77,1,1,1,0,13.8,13.8,5
Calvin Ridley,ATL,1,10,8,136,0,0,0,0,13.6,13.6,5
Robert Woods,LAR,1,5,4,71,1,0,0,0,13.1,13.1,5
Darius Slayton,NYG,1,11,8,129,0,0,0,0,12.9,12.9,5
Nelson Agholor,LV,1,2,2,67,1,0,0,0,12.7,12.7,5
CeeDee Lamb,DAL,1,11,8,124,0,0,0,0,12.4,12.4,5
Emmanuel Sanders,NO,1,14,12,122,0,0,0,0,12.2,12.2,5
Will Fuller,HOU,1,8,4,58,1,0,0,0,11.8,11.8,5
Robby Anderson,CAR,1,13,8,112,0,1,3,0,11.5,11.5,5
DeVante Parker,MIA,1,3,2,50,1,0,0,0,11.0,11.0,5
Stefon Diggs,BUF,1,16,10,106,0,0,0,0,10.6,10.6,5
Mike Evans,TB,1,9,5,41,1,0,0,0,10.1,10.1,5
Rashard Higgins,CLE,1,3,3,31,1,0,0,0,9.1,9.1,5
Kendrick Bourne,SF,1,4,2,30,1,0,0,0,9.0,9.0,5
Collin Johnson,JAC,1,4,3,30,1,0,0,0,9.0,9.0,5
Allen Robinson,CHI,1,16,10,90,0,0,0,0,9.0,9.0,5
Keenan Allen,LAC,1,2,2,29,1,0,0,0,8.9,8.9,5
Jarvis Landry,CLE,1,9,4,88,0,0,0,0,8.8,8.8,5
Keelan Cole,JAC,1,6,2,25,1,1,2,0,8.7,8.7,5
Greg Ward,PHI,1,5,4,26,1,0,0,0,8.6,8.6,5
Sammy Watkins,KC,1,2,2,24,1,0,0,0,8.4,8.4,5
Laviska Shenault,JAC,1,8,7,79,0,0,0,0,7.9,7.9,5
Christian Kirk,ARI,1,7,5,78,0,0,0,0,7.8,7.8,5
Ray-Ray McCloud,PIT,1,3,3,12,0,2,63,0,7.5,7.5,5
Michael Gallup,DAL,1,4,4,73,0,0,0,0,7.3,7.3,5
T.Y. Hilton,IND,1,10,6,69,0,0,0,0,6.9,6.9,5
Isaiah McKenzie,BUF,1,4,4,7,1,0,0,0,6.7,6.7,5
Cooper Kupp,LAR,1,8,5,66,0,0,0,0,6.6,6.6,5
Curtis Samuel,CAR,1,5,5,36,0,4,28,0,6.4,6.4,5
Tee Higgins,CIN,1,8,4,62,0,0,0,0,6.2,6.2,5
Tyler Johnson,TB,1,6,4,61,0,0,0,0,6.1,6.1,5
Devin Duvernay,BAL,1,2,2,17,0,1,42,0,5.9,5.9,5
Chris Conley,JAC,1,2,2,58,0,0,0,0,5.8,5.8,5
Gabriel Davis,BUF,1,9,5,58,0,0,0,0,5.8,5.8,5
Odell Beckham Jr,CLE,1,9,5,58,0,1,-1,0,5.7,5.7,5
Cole Beasley,BUF,1,6,6,53,0,0,0,0,5.3,5.3,5
Marcus Johnson,IND,1,3,3,53,0,0,0,0,5.3,5.3,5
Mecole Hardman,KC,1,3,2,50,0,0,0,0,5.0,5.0,5
Randall Cobb,HOU,1,6,6,47,0,0,0,0,4.7,4.7,5
Josh Reynolds,LAR,1,4,2,46,0,0,0,0,4.6,4.6,5
Jalen Guyton,LAC,1,3,1,49,0,1,-4,0,4.5,4.5,5
Cordarrelle Patterson,CHI,1,3,3,38,0,3,7,0,4.5,4.5,5
Brandon Aiyuk,SF,1,6,3,44,0,0,0,0,4.4,4.4,5
Tyler Lockett,SEA,1,5,4,44,0,0,0,0,4.4,4.4,5
Tyler Boyd,CIN,1,6,4,42,0,0,0,0,4.2,4.2,5
Hunter Renfrow,LV,1,1,1,42,0,0,0,0,4.2,4.2,5
Golden Tate,NYG,1,5,4,42,0,0,0,0,4.2,4.2,5
JJ Arcega-Whiteside,PHI,1,1,1,37,0,0,0,0,3.7,3.7,5
Ashton Dulin,IND,1,1,1,34,0,1,3,0,3.7,3.7,5
Larry Fitzgerald,ARI,1,7,4,35,0,0,0,0,3.5,3.5,5
Marquez Callaway,NO,1,6,4,34,0,0,0,0,3.4,3.4,5
Andy Isabella,ARI,1,3,2,30,0,0,0,0,3.0,3.0,5
Anthony Miller,CHI,1,4,4,28,0,0,0,0,2.8,2.8,5
JuJu Smith-Schuster,PIT,1,5,4,28,0,0,0,0,2.8,2.8,5
Terry McLaurin,WAS,1,7,3,26,0,0,0,0,2.6,2.6,5
Kalif Raymond,TEN,1,2,2,26,0,0,0,0,2.6,2.6,5
James Washington,PIT,1,4,3,25,0,0,0,0,2.5,2.5,5
Isaiah Ford,MIA,1,2,2,23,0,0,0,0,2.3,2.3,5
Justin Jefferson,MIN,1,5,3,23,0,0,0,0,2.3,2.3,5
Byron Pringle,KC,1,1,1,23,0,0,0,0,2.3,2.3,5
Jeff Smith,NYJ,1,11,3,23,0,0,0,0,2.3,2.3,5
Jaydon Mickens,TB,1,2,2,22,0,0,0,0,2.2,2.2,5
Deebo Samuel,SF,1,8,2,19,0,1,3,0,2.2,2.2,5
Cedrick Wilson,DAL,1,4,4,22,0,0,0,0,2.2,2.2,5
Amari Cooper,DAL,1,4,2,23,0,1,-2,0,2.1,2.1,5
Chris Hogan,NYJ,1,3,3,20,0,0,0,0,2.0,2.0,5
John Hightower,PHI,1,6,2,18,0,0,0,0,1.8,1.8,5
D.J. Chark,JAC,1,4,3,16,0,0,0,0,1.6,1.6,5
Russell Gage,ATL,1,5,2,16,0,0,0,0,1.6,1.6,5
Andre Roberts,BUF,1,2,1,16,0,0,0,0,1.6,1.6,5
Darnell Mooney,CHI,1,5,2,15,0,0,0,0,1.5,1.5,5
Zach Pascal,IND,1,2,2,15,0,0,0,0,1.5,1.5,5
Kenny Stills,HOU,1,1,1,14,0,0,0,0,1.4,1.4,5
Freddie Swain,SEA,1,2,2,14,0,0,0,0,1.4,1.4,5
Braxton Berrios,NYJ,1,2,0,0,0,1,13,0,1.3,1.3,5
Olabisi Johnson,MIN,1,1,1,13,0,0,0,0,1.3,1.3,5
Olamide Zaccheaus,ATL,1,4,1,13,0,0,0,0,1.3,1.3,5
Pharoh Cooper,CAR,1,1,1,12,0,0,0,0,1.2,1.2,5
Cody Hollister,TEN,1,1,1,12,0,0,0,0,1.2,1.2,5
Auden Tate,CIN,1,1,1,12,0,0,0,0,1.2,1.2,5
Chad Beebe,MIN,1,2,1,11,0,0,0,0,1.1,1.1,5
Bennie Fowler,NO,1,6,2,11,0,0,0,0,1.1,1.1,5
K.J. Hill,LAC,1,2,1,8,0,0,0,0,0.8,0.8,5
Tre'Quan Smith,NO,1,3,2,8,0,0,0,0,0.8,0.8,5
Tyron Johnson,LAC,1,0,0,0,0,1,7,0,0.7,0.7,5
Trent Sherfield,ARI,1,1,1,6,0,0,0,0,0.6,0.6,5
KeeSean Johnson,ARI,1,1,1,5,0,0,0,0,0.5,0.5,5
Lynn Bowden Jr,MIA,1,0,0,0,0,3,4,0,0.4,0.4,5
Isaiah Wright,WAS,1,1,1,3,0,0,0,0,0.3,0.3,5
Zay Jones,LV,1,1,1,2,0,0,0,0,0.2,0.2,5
Demarcus Robinson,KC,1,4,2,2,0,0,0,0,0.2,0.2,5
Miles Boykin,BAL,1,2,0,0,0,0,0,0,0.0,0.0,5
Rico Gafford,LV,1,1,0,0,0,0,0,0,0.0,0.0,5
A.J. Green,CIN,1,1,0,0,0,0,0,0,0.0,0.0,5
David Moore,SEA,1,3,0,0,0,0,0,0,0.0,0.0,5
Brandon Powell,ATL,1,1,0,0,0,0,0,0,0.0,0.0,5
Damion Ratley,NYG,1,1,0,0,0,0,0,0,0.0,0.0,5
Willie Snead,BAL,1,3,0,0,0,0,0,0,0.0,0.0,5
Dontrelle Inman,WAS,1,1,1,-2,0,0,0,0,-0.2,-0.2,5
Diontae Johnson,PIT,1,1,1,-2,0,0,0,0,-0.2,-0.2,5
Jakeem Grant,MIA,1,3,1,6,0,1,-12,0,-0.6,-0.6,5
Mike Thomas,CIN,1,1,1,6,0,1,1,0,-1.3,-1.3,5
Justin Jefferson,MIN,1,11,9,166,2,0,0,0,28.6,28.6,6
Julio Jones,ATL,1,10,8,137,2,0,0,0,25.7,25.7,6
Christian Kirk,ARI,1,3,2,86,2,0,0,0,20.6,20.6,6
Will Fuller,HOU,1,11,6,123,1,0,0,0,18.3,18.3,6
A.J. Brown,TEN,1,7,5,56,2,0,0,0,17.6,17.6,6
Keelan Cole,JAC,1,9,6,143,0,0,0,0,14.3,14.3,6
Chase Claypool,PIT,1,4,4,74,0,2,7,1,14.1,14.1,6
Amari Cooper,DAL,1,10,7,79,1,0,0,0,13.9,13.9,6
Travis Fulgham,PHI,1,10,6,75,1,0,0,0,13.5,13.5,6
Calvin Ridley,ATL,1,7,6,61,1,1,8,0,12.9,12.9,6
Brandin Cooks,HOU,1,9,9,68,1,0,0,0,12.8,12.8,6
James Washington,PIT,1,7,4,68,1,0,0,0,12.8,12.8,6
Tee Higgins,CIN,1,8,6,125,0,1,2,0,12.7,12.7,6
Adam Humphries,TEN,1,6,6,64,1,0,0,0,12.4,12.4,6
Deebo Samuel,SF,1,6,6,66,1,1,-6,0,12.0,12.0,6
Zach Pascal,IND,1,7,4,54,1,0,0,0,11.4,11.4,6
Adam Thielen,MIN,1,5,3,51,1,0,0,0,11.1,11.1,6
Marcus Johnson,IND,1,8,5,108,0,0,0,0,10.8,10.8,6
Stefon Diggs,BUF,1,8,6,46,1,0,0,0,10.6,10.6,6
Cole Beasley,BUF,1,7,4,45,1,0,0,0,10.5,10.5,6
Kenny Golladay,DET,1,6,4,105,0,0,0,0,10.5,10.5,6
Josh Reynolds,LAR,1,5,2,45,1,0,0,0,10.5,10.5,6
Tim Patrick,DEN,1,8,4,101,0,0,0,0,10.1,10.1,6
Robert Woods,LAR,1,10,4,29,1,2,11,0,10.0,10.0,6
Darius Slayton,NYG,1,4,2,41,1,1,-3,0,9.8,9.8,6
A.J. Green,CIN,1,11,8,96,0,0,0,0,9.6,9.6,6
D.J. Moore,CAR,1,11,5,93,0,0,0,0,9.3,9.3,6
Cam Sims,WAS,1,1,1,22,1,0,0,0,8.2,8.2,6
Tyler Boyd,CIN,1,8,5,54,0,1,25,0,7.9,7.9,6
Preston Williams,MIA,1,3,2,18,1,0,0,0,7.8,7.8,6
Robby Anderson,CAR,1,5,4,77,0,0,0,0,7.7,7.7,6
Randall Cobb,HOU,1,4,3,17,1,0,0,0,7.7,7.7,6
Terry McLaurin,WAS,1,12,7,74,0,0,0,0,7.4,7.4,6
Rashard Higgins,CLE,1,2,1,13,1,0,0,0,7.3,7.3,6
DeAndre Hopkins,ARI,1,8,2,73,0,0,0,0,7.3,7.3,6
Brandon Aiyuk,SF,1,3,2,12,1,0,0,0,7.2,7.2,6
Demarcus Robinson,KC,1,6,5,69,0,0,0,0,6.9,6.9,6
Tyler Johnson,TB,1,1,1,7,1,0,0,0,6.7,6.7,6
Russell Gage,ATL,1,4,4,65,0,0,0,0,6.5,6.5,6
CeeDee Lamb,DAL,1,10,7,64,0,0,0,0,6.4,6.4,6
Breshad Perriman,NYJ,1,8,4,62,0,0,0,0,6.2,6.2,6
Davante Adams,GB,1,10,6,61,0,0,0,0,6.1,6.1,6
Marquise Brown,BAL,1,6,4,57,0,0,0,0,5.7,5.7,6
Allen Robinson,CHI,1,9,5,53,0,0,0,0,5.3,5.3,6
John Hightower,PHI,1,4,1,50,0,0,0,0,5.0,5.0,6
Jamison Crowder,NYJ,1,13,7,48,0,0,0,0,4.8,4.8,6
Chris Godwin,TB,1,7,5,48,0,0,0,0,4.8,4.8,6
Jakeem Grant,MIA,1,4,4,48,0,0,0,0,4.8,4.8,6
Byron Pringle,KC,1,2,2,46,0,0,0,0,4.6,4.6,6
D.J. Chark,JAC,1,14,7,45,0,0,0,0,4.5,4.5,6
Dontrelle Inman,WAS,1,5,5,45,0,0,0,0,4.5,4.5,6
Kendrick Bourne,SF,1,3,2,44,0,0,0,0,4.4,4.4,6
Jarvis Landry,CLE,1,5,3,40,0,0,0,0,4.0,4.0,6
Damiere Byrd,NE,1,4,3,38,0,0,0,0,3.8,3.8,6
Darnell Mooney,CHI,1,5,3,36,0,0,0,0,3.6,3.6,6
DeVante Parker,MIA,1,8,3,35,0,0,0,0,3.5,3.5,6
Jerry Jeudy,DEN,1,5,2,32,0,0,0,0,3.2,3.2,6
Kalif Raymond,TEN,1,4,3,32,0,0,0,0,3.2,3.2,6
Willie Snead,BAL,1,2,1,32,0,0,0,0,3.2,3.2,6
Marquez Valdes-Scantling,GB,1,5,3,32,0,0,0,0,3.2,3.2,6
Danny Amendola,DET,1,2,2,31,0,0,0,0,3.1,3.1,6
Devin Duvernay,BAL,1,3,3,31,0,0,0,0,3.1,3.1,6
DeMichael Harris,IND,1,3,3,29,0,0,0,0,2.9,2.9,6
Isaiah Wright,WAS,1,5,4,25,0,1,1,0,2.6,2.6,6
Odell Beckham Jr,CLE,1,4,2,25,0,0,0,0,2.5,2.5,6
Tyreek Hill,KC,1,3,3,20,0,1,5,0,2.5,2.5,6
Michael Gallup,DAL,1,6,2,23,0,0,0,0,2.3,2.3,6
Larry Fitzgerald,ARI,1,4,3,22,0,0,0,0,2.2,2.2,6
Greg Ward,PHI,1,3,2,19,0,0,0,0,1.9,1.9,6
Braxton Berrios,NYJ,1,3,1,18,0,0,0,0,1.8,1.8,6
Jamal Agnew,DET,1,2,2,17,0,0,0,0,1.7,1.7,6
Darrius Shepherd,GB,1,1,1,16,0,0,0,0,1.6,1.6,6
Isaiah Zuber,NE,1,1,1,16,0,0,0,0,1.6,1.6,6
Noah Brown,DAL,1,2,2,15,0,0,0,0,1.5,1.5,6
Cameron Batson,TEN,1,1,1,13,0,0,0,0,1.3,1.3,6
Chad Beebe,MIN,1,5,2,13,0,0,0,0,1.3,1.3,6
Keith Kirkwood,CAR,1,2,1,13,0,0,0,0,1.3,1.3,6
Miles Boykin,BAL,1,2,1,11,0,0,0,0,1.1,1.1,6
T.Y. Hilton,IND,1,5,1,11,0,0,0,0,1.1,1.1,6
Cooper Kupp,LAR,1,9,3,11,0,0,0,0,1.1,1.1,6
Laviska Shenault,JAC,1,7,3,10,0,1,1,0,1.1,1.1,6
Golden Tate,NYG,1,1,1,11,0,0,0,0,1.1,1.1,6
Mike Evans,TB,1,2,1,10,0,0,0,0,1.0,1.0,6
Mike Thomas,CIN,1,3,1,10,0,0,0,0,1.0,1.0,6
Cedrick Wilson,DAL,1,3,2,10,0,0,0,0,1.0,1.0,6
Cordarrelle Patterson,CHI,1,1,1,8,0,1,1,0,0.9,0.9,6
Diontae Spencer,DEN,1,1,0,0,0,1,9,0,0.9,0.9,6
C.J. Board,NYG,1,3,1,8,0,0,0,0,0.8,0.8,6
Julian Edelman,NE,1,6,2,8,0,0,0,0,0.8,0.8,6
Van Jefferson,LAR,1,1,1,8,0,0,0,0,0.8,0.8,6
Marvin Jones,DET,1,5,2,8,0,0,0,0,0.8,0.8,6
Anthony Miller,CHI,1,3,3,8,0,0,0,0,0.8,0.8,6
Jeff Smith,NYJ,1,4,1,8,0,0,0,0,0.8,0.8,6
Trent Taylor,SF,1,2,1,8,0,0,0,0,0.8,0.8,6
Gabriel Davis,BUF,1,1,1,7,0,0,0,0,0.7,0.7,6
Marvin Hall,DET,1,2,1,6,0,1,1,0,0.7,0.7,6
Chris Conley,JAC,1,2,1,6,0,0,0,0,0.6,0.6,6
Scotty Miller,TB,1,2,1,6,0,0,0,0,0.6,0.6,6
JuJu Smith-Schuster,PIT,1,4,2,6,0,0,0,0,0.6,0.6,6
Christian Blake,ATL,1,2,1,5,0,0,0,0,0.5,0.5,6
Isaiah McKenzie,BUF,1,1,1,4,0,0,0,0,0.4,0.4,6
Austin Mack,NYG,1,1,1,1,0,0,0,0,0.1,0.1,6
JJ Arcega-Whiteside,PHI,1,1,0,0,0,0,0,0,0.0,0.0,6
John Brown,BUF,1,4,0,0,0,0,0,0,0.0,0.0,6
Alex Erickson,CIN,1,1,0,0,0,0,0,0,0.0,0.0,6
Antonio Gandy-Golden,WAS,1,1,0,0,0,0,0,0,0.0,0.0,6
Cyril Grayson,TB,1,2,0,0,0,0,0,0,0.0,0.0,6
DaeSean Hamilton,DEN,1,2,0,0,0,0,0,0,0.0,0.0,6
Mecole Hardman,KC,1,1,0,0,0,0,0,0,0.0,0.0,6
N'Keal Harry,NE,1,2,0,0,0,0,0,0,0.0,0.0,6
Andy Isabella,ARI,1,2,0,0,0,0,0,0,0.0,0.0,6
Ray-Ray McCloud,PIT,1,1,0,0,0,0,0,0,0.0,0.0,6
Donovan Peoples-Jones,CLE,1,1,0,0,0,0,0,0,0.0,0.0,6
Equanimeous St. Brown,GB,1,2,0,0,0,0,0,0,0.0,0.0,6
Malik Taylor,GB,1,1,0,0,0,0,0,0,0.0,0.0,6
Olamide Zaccheaus,ATL,1,2,0,0,0,0,0,0,0.0,0.0,6
Tyler Lockett,SEA,1,20,15,200,3,0,0,0,38.0,38.0,7
Davante Adams,GB,1,16,13,196,2,0,0,0,31.6,31.6,7
A.J. Brown,TEN,1,8,6,153,1,0,0,0,21.3,21.3,7
D.J. Moore,CAR,1,5,4,93,2,0,0,0,21.3,21.3,7
Diontae Johnson,PIT,1,15,9,80,2,0,0,0,20.0,20.0,7
Scotty Miller,TB,1,9,6,109,1,0,0,0,16.9,16.9,7
Nelson Agholor,LV,1,9,5,107,1,0,0,0,16.7,16.7,7
Tyler Boyd,CIN,1,13,11,101,1,0,0,0,16.1,16.1,7
Christian Kirk,ARI,1,8,5,37,2,0,0,0,15.7,15.7,7
Terry McLaurin,WAS,1,11,7,90,1,0,0,0,15.0,15.0,7
Chris Godwin,TB,1,9,9,88,1,0,0,0,14.8,14.8,7
Jalen Guyton,LAC,1,3,2,84,1,0,0,0,14.4,14.4,7
DeAndre Hopkins,ARI,1,12,10,103,1,0,0,0,14.3,14.3,7
Tee Higgins,CIN,1,5,5,71,1,1,7,0,13.8,13.8,7
Calvin Ridley,ATL,1,7,5,69,1,0,0,0,12.9,12.9,7
Keenan Allen,LAC,1,13,10,125,0,0,0,0,12.5,12.5,7
Sterling Shepard,NYG,1,8,6,59,1,0,0,0,11.9,11.9,7
Donovan Peoples-Jones,CLE,1,3,3,56,1,0,0,0,11.6,11.6,7
Brandon Aiyuk,SF,1,7,6,115,0,0,0,0,11.5,11.5,7
Tyreek Hill,KC,1,10,6,55,1,0,0,0,11.5,11.5,7
Kenny Golladay,DET,1,7,6,114,0,0,0,0,11.4,11.4,7
Curtis Samuel,CAR,1,6,6,48,0,1,5,1,11.3,11.3,7
Cole Beasley,BUF,1,12,11,112,0,0,0,0,11.2,11.2,7
Josh Reynolds,LAR,1,8,4,52,1,0,0,0,11.2,11.2,7
Rashard Higgins,CLE,1,6,6,110,0,0,0,0,11.0,11.0,7
Deonte Harris,NO,1,5,4,46,1,0,0,0,10.6,10.6,7
Greg Ward,PHI,1,6,5,42,1,0,0,0,10.2,10.2,7
Golden Tate,NYG,1,2,1,39,1,0,0,0,9.9,9.9,7
Julio Jones,ATL,1,9,8,97,0,0,0,0,9.7,9.7,7
Randall Cobb,HOU,1,10,8,95,0,0,0,0,9.5,9.5,7
Corey Davis,TEN,1,10,6,35,1,0,0,0,9.5,9.5,7
Will Fuller,HOU,1,6,3,35,1,0,0,0,9.5,9.5,7
Chris Conley,JAC,1,2,1,28,1,0,0,0,8.8,8.8,7
Amari Cooper,DAL,1,7,7,80,0,1,5,0,8.5,8.5,7
JuJu Smith-Schuster,PIT,1,14,9,85,0,0,0,0,8.5,8.5,7
A.J. Green,CIN,1,13,7,82,0,0,0,0,8.2,8.2,7
Marvin Jones,DET,1,6,5,80,0,0,0,0,8.0,8.0,7
Marquez Callaway,NO,1,10,8,75,0,0,0,0,7.5,7.5,7
Robby Anderson,CAR,1,8,6,74,0,0,0,0,7.4,7.4,7
Joe Reed,LAC,1,0,0,0,0,2,14,1,7.4,7.4,7
Travis Fulgham,PHI,1,11,5,73,0,0,0,0,7.3,7.3,7
Deebo Samuel,SF,1,5,5,65,0,3,7,0,7.2,7.2,7
Mecole Hardman,KC,1,2,2,57,0,1,13,0,7.0,7.0,7
Allen Robinson,CHI,1,4,4,70,0,0,0,0,7.0,7.0,7
Malik Taylor,GB,1,2,2,6,1,0,0,0,6.6,6.6,7
Tyler Johnson,TB,1,2,2,4,1,0,0,0,6.4,6.4,7
Danny Amendola,DET,1,4,3,62,0,0,0,0,6.2,6.2,7
Larry Fitzgerald,ARI,1,8,8,62,0,0,0,0,6.2,6.2,7
Jakobi Meyers,NE,1,6,4,60,0,1,2,0,6.2,6.2,7
Brandin Cooks,HOU,1,9,7,60,0,0,0,0,6.0,6.0,7
John Hightower,PHI,1,2,1,59,0,0,0,0,5.9,5.9,7
Cooper Kupp,LAR,1,6,6,43,0,1,16,0,5.9,5.9,7
David Moore,SEA,1,3,3,54,0,1,4,0,5.8,5.8,7
Russell Gage,ATL,1,7,6,54,0,0,0,0,5.4,5.4,7
Tre'Quan Smith,NO,1,4,4,54,0,0,0,0,5.4,5.4,7
Mike Thomas,CIN,1,3,2,54,0,0,0,0,5.4,5.4,7
Jarvis Landry,CLE,1,6,5,48,0,2,4,0,5.2,5.2,7
Stefon Diggs,BUF,1,11,6,48,0,0,0,0,4.8,4.8,7
DeSean Jackson,PHI,1,5,3,34,0,1,12,0,4.6,4.6,7
Henry Ruggs III,LV,1,3,2,35,0,1,10,0,4.5,4.5,7
Tim Patrick,DEN,1,4,3,44,0,0,0,0,4.4,4.4,7
Laviska Shenault,JAC,1,3,3,44,0,1,0,0,4.4,4.4,7
Denzel Mims,NYJ,1,7,4,42,0,0,0,0,4.2,4.2,7
Hunter Renfrow,LV,1,6,4,42,0,0,0,0,4.2,4.2,7
Darnell Mooney,CHI,1,7,3,40,0,0,0,0,4.0,4.0,7
Mike Evans,TB,1,2,2,37,0,0,0,0,3.7,3.7,7
Braxton Berrios,NYJ,1,7,4,35,0,0,0,0,3.5,3.5,7
KJ Hamler,DEN,1,3,2,24,0,1,10,0,3.4,3.4,7
Kenny Stills,HOU,1,4,2,34,0,0,0,0,3.4,3.4,7
Breshad Perriman,NYJ,1,2,2,27,0,0,0,0,2.7,2.7,7
D.J. Chark,JAC,1,7,1,26,0,0,0,0,2.6,2.6,7
DaeSean Hamilton,DEN,1,3,2,26,0,0,0,0,2.6,2.6,7
Robert Woods,LAR,1,5,3,22,0,4,23,0,2.5,2.5,7
DK Metcalf,SEA,1,5,2,23,0,0,0,0,2.3,2.3,7
Darius Slayton,NYG,1,4,2,23,0,0,0,0,2.3,2.3,7
Cam Sims,WAS,1,1,1,22,0,0,0,0,2.2,2.2,7
Jerry Jeudy,DEN,1,4,2,20,0,0,0,0,2.0,2.0,7
Anthony Miller,CHI,1,5,3,20,0,0,0,0,2.0,2.0,7
Adam Humphries,TEN,1,3,1,19,0,0,0,0,1.9,1.9,7
Damiere Byrd,NE,1,2,1,16,0,0,0,0,1.6,1.6,7
Van Jefferson,LAR,1,1,1,14,0,0,0,0,1.4,1.4,7
Julian Edelman,NE,1,3,1,13,0,0,0,0,1.3,1.3,7
Collin Johnson,JAC,1,1,1,13,0,0,0,0,1.3,1.3,7
Keelan Cole,JAC,1,2,1,12,0,0,0,0,1.2,1.2,7
Ray-Ray McCloud,PIT,1,2,2,12,0,0,0,0,1.2,1.2,7
Cordarrelle Patterson,CHI,1,4,3,11,0,3,1,0,1.2,1.2,7
Gabriel Davis,BUF,1,3,1,11,0,0,0,0,1.1,1.1,7
Marcus Kemp,KC,1,1,1,11,0,0,0,0,1.1,1.1,7
Tyron Johnson,LAC,1,1,0,0,0,2,10,0,1.0,1.0,7
Marquez Valdes-Scantling,GB,1,4,0,0,0,1,9,0,0.9,0.9,7
JJ Arcega-Whiteside,PHI,1,1,1,8,0,0,0,0,0.8,0.8,7
Javon Wims,CHI,1,2,1,8,0,0,0,0,0.8,0.8,7
Andy Isabella,ARI,1,3,1,7,0,0,0,0,0.7,0.7,7
Austin Carr,NO,1,1,1,6,0,0,0,0,0.6,0.6,7
N'Keal Harry,NE,1,2,1,6,0,0,0,0,0.6,0.6,7
Brandon Powell,ATL,1,2,1,4,0,0,0,0,0.4,0.4,7
Demarcus Robinson,KC,1,1,1,4,0,0,0,0,0.4,0.4,7
Mike Williams,LAC,1,3,1,4,0,0,0,0,0.4,0.4,7
Brandon Zylstra,CAR,1,1,1,4,0,0,0,0,0.4,0.4,7
Isaiah McKenzie,BUF,1,2,2,14,0,1,-11,0,0.3,0.3,7
CeeDee Lamb,DAL,1,5,0,0,0,1,1,0,0.1,0.1,7
Jamal Agnew,DET,1,1,0,0,0,0,0,0,0.0,0.0,7
Odell Beckham Jr,CLE,1,1,0,0,0,0,0,0,0.0,0.0,7
Kendrick Bourne,SF,1,1,0,0,0,0,0,0,0.0,0.0,7
Tyrie Cleveland,DEN,1,1,0,0,0,0,0,0,0.0,0.0,7
Rico Gafford,LV,1,1,0,0,0,0,0,0,0.0,0.0,7
Michael Gallup,DAL,1,2,0,0,0,0,0,0,0.0,0.0,7
Marvin Hall,DET,1,1,0,0,0,0,0,0,0.0,0.0,7
Darrius Shepherd,GB,1,1,0,0,0,0,0,0,0.0,0.0,7
Jeff Smith,NYJ,1,1,0,0,0,0,0,0,0.0,0.0,7
Freddie Swain,SEA,1,1,0,0,0,0,0,0,0.0,0.0,7
Auden Tate,CIN,1,1,0,0,0,0,0,0,0.0,0.0,7
James Washington,PIT,1,1,0,0,0,0,0,0,0.0,0.0,7
Olamide Zaccheaus,ATL,1,0,0,0,0,1,0,0,0.0,0.0,7
Chase Claypool,PIT,1,1,1,-2,0,0,0,0,-0.2,-0.2,7
Dede Westbrook,JAC,1,0,0,0,0,0,0,0,-2.0,-2.0,7
DK Metcalf,SEA,1,15,12,161,2,0,0,0,28.1,28.1,8
Davante Adams,GB,1,12,7,53,3,0,0,0,23.3,23.3,8
Tyreek Hill,KC,1,6,4,98,2,0,0,0,21.8,21.8,8
Robert Woods,LAR,1,8,7,85,1,2,9,1,21.4,21.4,8
Corey Davis,TEN,1,10,8,128,1,0,0,0,18.8,18.8,8
Curtis Samuel,CAR,1,5,4,31,1,3,23,1,17.4,17.4,8
Mike Williams,LAC,1,8,5,99,1,1,1,0,16.0,16.0,8
Marvin Jones,DET,1,7,3,39,2,0,0,0,15.9,15.9,8
Mecole Hardman,KC,1,9,7,96,1,0,0,0,15.6,15.6,8
Brandon Aiyuk,SF,1,11,8,91,1,0,0,0,15.1,15.1,8
Allen Robinson,CHI,1,7,6,87,1,0,0,0,14.7,14.7,8
DaeSean Hamilton,DEN,1,5,4,82,1,0,0,0,14.2,14.2,8
Travis Fulgham,PHI,1,7,6,78,1,0,0,0,13.8,13.8,8
Julio Jones,ATL,1,10,7,137,0,0,0,0,13.7,13.7,8
Tyler Boyd,CIN,1,7,6,67,1,2,9,0,13.6,13.6,8
Darnell Mooney,CHI,1,6,5,69,1,0,0,0,12.9,12.9,8
Keenan Allen,LAC,1,11,9,67,1,0,0,0,12.7,12.7,8
Demarcus Robinson,KC,1,5,4,63,1,0,0,0,12.3,12.3,8
Mike Evans,TB,1,7,5,55,1,0,0,0,11.5,11.5,8
Marvin Hall,DET,1,7,4,113,0,0,0,0,11.3,11.3,8
Cooper Kupp,LAR,1,21,11,110,0,0,0,0,11.0,11.0,8
David Moore,SEA,1,3,3,18,1,2,28,0,10.6,10.6,8
Willie Snead,BAL,1,7,5,106,0,0,0,0,10.6,10.6,8
Stefon Diggs,BUF,1,9,6,92,0,0,0,0,9.2,9.2,8
Golden Tate,NYG,1,3,2,31,1,0,0,0,9.1,9.1,8
Hunter Renfrow,LV,1,4,4,26,1,0,0,0,8.6,8.6,8
A.J. Brown,TEN,1,7,4,24,1,0,0,0,8.4,8.4,8
Tee Higgins,CIN,1,9,6,78,0,2,6,0,8.4,8.4,8
Chase Claypool,PIT,1,9,5,42,1,0,0,0,8.2,8.2,8
Jalen Reagor,PHI,1,6,3,16,1,1,6,0,8.2,8.2,8
Kendrick Bourne,SF,1,10,8,81,0,0,0,0,8.1,8.1,8
Miles Boykin,BAL,1,3,2,20,1,0,0,0,8.0,8.0,8
Sterling Shepard,NYG,1,10,8,74,0,0,0,0,7.4,7.4,8
KJ Hamler,DEN,1,3,3,13,1,0,0,0,7.3,7.3,8
Jerry Jeudy,DEN,1,10,4,73,0,0,0,0,7.3,7.3,8
Anthony Miller,CHI,1,11,8,73,0,0,0,0,7.3,7.3,8
JuJu Smith-Schuster,PIT,1,8,7,67,0,0,0,0,6.7,6.7,8
Auden Tate,CIN,1,7,7,65,0,0,0,0,6.5,6.5,8
Marquise Brown,BAL,1,2,1,3,1,0,0,0,6.3,6.3,8
DeVante Parker,MIA,1,2,1,3,1,0,0,0,6.3,6.3,8
Michael Gallup,DAL,1,12,7,61,0,0,0,0,6.1,6.1,8
Jakobi Meyers,NE,1,10,6,58,0,0,0,0,5.8,5.8,8
Darius Slayton,NYG,1,9,5,56,0,0,0,0,5.6,5.6,8
D.J. Moore,CAR,1,6,2,55,0,0,0,0,5.5,5.5,8
Danny Amendola,DET,1,4,3,54,0,0,0,0,5.4,5.4,8
Jarvis Landry,CLE,1,11,4,52,0,0,0,0,5.2,5.2,8
Robby Anderson,CAR,1,8,5,48,0,0,0,0,4.8,4.8,8
CeeDee Lamb,DAL,1,5,4,27,0,1,19,0,4.6,4.6,8
Zach Pascal,IND,1,6,3,44,0,0,0,0,4.4,4.4,8
Josh Reynolds,LAR,1,9,4,44,0,0,0,0,4.4,4.4,8
Tre'Quan Smith,NO,1,7,5,43,0,0,0,0,4.3,4.3,8
Scotty Miller,TB,1,6,3,35,0,1,7,0,4.2,4.2,8
Denzel Mims,NYJ,1,3,2,42,0,0,0,0,4.2,4.2,8
Calvin Ridley,ATL,1,4,3,42,0,0,0,0,4.2,4.2,8
Damiere Byrd,NE,1,4,3,39,0,0,0,0,3.9,3.9,8
Devin Duvernay,BAL,1,3,1,39,0,0,0,0,3.9,3.9,8
Marcus Johnson,IND,1,4,2,39,0,0,0,0,3.9,3.9,8
Jaydon Mickens,TB,1,8,5,36,0,0,0,0,3.6,3.6,8
Tyler Johnson,TB,1,2,2,35,0,0,0,0,3.5,3.5,8
Braxton Berrios,NYJ,1,11,8,34,0,0,0,0,3.4,3.4,8
Tyler Lockett,SEA,1,5,4,33,0,0,0,0,3.3,3.3,8
Trent Taylor,SF,1,4,3,32,0,0,0,0,3.2,3.2,8
Jeff Smith,NYJ,1,8,3,29,0,0,0,0,2.9,2.9,8
Adam Thielen,MIN,1,4,3,27,0,0,0,0,2.7,2.7,8
Justin Jefferson,MIN,1,4,3,26,0,0,0,0,2.6,2.6,8
Malik Taylor,GB,1,1,1,26,0,0,0,0,2.6,2.6,8
Russell Gage,ATL,1,3,2,25,0,0,0,0,2.5,2.5,8
Cole Beasley,BUF,1,2,2,24,0,0,0,0,2.4,2.4,8
Van Jefferson,LAR,1,2,2,23,0,0,0,0,2.3,2.3,8
Marquez Valdes-Scantling,GB,1,1,1,19,0,1,4,0,2.3,2.3,8
Byron Pringle,KC,1,4,3,22,0,0,0,0,2.2,2.2,8
John Brown,BUF,1,2,1,21,0,0,0,0,2.1,2.1,8
A.J. Green,CIN,1,5,2,19,0,0,0,0,1.9,1.9,8
Deonte Harris,NO,1,3,3,19,0,1,-2,0,1.7,1.7,8
Chad Beebe,MIN,1,1,1,16,0,0,0,0,1.6,1.6,8
Jakeem Grant,MIA,1,2,1,15,0,0,0,0,1.5,1.5,8
Preston Williams,MIA,1,5,2,15,0,0,0,0,1.5,1.5,8
Christian Blake,ATL,1,2,2,14,0,0,0,0,1.4,1.4,8
Rashard Higgins,CLE,1,3,1,14,0,0,0,0,1.4,1.4,8
Ashton Dulin,IND,1,1,1,13,0,0,0,0,1.3,1.3,8
Vyncint Smith,NYJ,1,1,1,13,0,0,0,0,1.3,1.3,8
Isaiah Zuber,NE,1,1,1,13,0,0,0,0,1.3,1.3,8
Equanimeous St. Brown,GB,1,3,1,12,0,0,0,0,1.2,1.2,8
Greg Ward,PHI,1,5,3,10,0,1,2,0,1.2,1.2,8
Jamal Agnew,DET,1,0,0,0,0,1,11,0,1.1,1.1,8
Kalif Raymond,TEN,1,1,1,11,0,0,0,0,1.1,1.1,8
Austin Carr,NO,1,1,1,10,0,0,0,0,1.0,1.0,8
Isaiah Ford,MIA,1,1,1,10,0,0,0,0,1.0,1.0,8
T.Y. Hilton,IND,1,2,2,9,0,0,0,0,0.9,0.9,8
Henry Ruggs III,LV,1,4,2,8,0,1,1,0,0.9,0.9,8
Javon Wims,CHI,1,1,1,9,0,0,0,0,0.9,0.9,8
Diontae Johnson,PIT,1,3,1,6,0,0,0,0,0.6,0.6,8
Ray-Ray McCloud,PIT,1,1,1,6,0,0,0,0,0.6,0.6,8
Gunner Olszewski,NE,1,0,0,0,0,1,6,0,0.6,0.6,8
Michael Pittman Jr,IND,1,1,1,6,0,0,0,0,0.6,0.6,8
Darrius Shepherd,GB,1,1,1,6,0,0,0,0,0.6,0.6,8
Amari Cooper,DAL,1,5,1,5,0,0,0,0,0.5,0.5,8
Tommylee Lewis,NO,1,1,1,5,0,0,0,0,0.5,0.5,8
Cordarrelle Patterson,CHI,1,2,2,1,0,1,4,0,0.5,0.5,8
Malcolm Perry,MIA,1,1,1,10,0,1,-5,0,0.5,0.5,8
Jalen Guyton,LAC,1,4,1,3,0,0,0,0,0.3,0.3,8
Nelson Agholor,LV,1,2,0,0,0,0,0,0,0.0,0.0,8
Noah Brown,DAL,1,2,0,0,0,0,0,0,0.0,0.0,8
Gabriel Davis,BUF,1,2,0,0,0,0,0,0,0.0,0.0,8
Kenny Golladay,DET,1,4,0,0,0,0,0,0,0.0,0.0,8
John Hightower,PHI,1,3,0,0,0,0,0,0,0.0,0.0,8
Adam Humphries,TEN,1,2,0,0,0,0,0,0,0.0,0.0,8
James Proche,BAL,1,1,0,0,0,0,0,0,0.0,0.0,8
James Washington,PIT,1,1,0,0,0,0,0,0,0.0,0.0,8
Cedrick Wilson,DAL,1,2,0,0,0,2,-11,0,-1.1,-1.1,8
Dante Pettis,SF,1,0,0,0,0,0,0,0,-2.0,-2.0,8
Richie James,SF,1,13,9,184,1,0,0,0,24.4,24.4,9
Tyreek Hill,KC,1,18,9,113,2,1,8,0,24.1,24.1,9
Davante Adams,GB,1,12,10,173,1,0,0,0,23.3,23.3,9
Breshad Perriman,NYJ,1,7,5,101,2,0,0,0,22.1,22.1,9
D.J. Chark,JAC,1,12,7,146,1,0,0,0,20.6,20.6,9
Jerry Jeudy,DEN,1,14,7,125,1,0,0,0,18.5,18.5,9
Christian Kirk,ARI,1,8,5,123,1,0,0,0,18.3,18.3,9
Curtis Samuel,CAR,1,9,9,105,1,3,13,0,17.8,17.8,9
Terry McLaurin,WAS,1,8,7,115,1,0,0,0,17.5,17.5,9
Marquez Valdes-Scantling,GB,1,4,2,53,2,0,0,0,17.3,17.3,9
Jakobi Meyers,NE,1,14,12,169,0,0,0,0,16.9,16.9,9
DK Metcalf,SEA,1,9,7,108,1,0,0,0,16.8,16.8,9
Keenan Allen,LAC,1,11,9,103,1,0,0,0,16.3,16.3,9
Olamide Zaccheaus,ATL,1,6,4,103,1,0,0,0,16.3,16.3,9
A.J. Brown,TEN,1,9,4,101,1,0,0,0,16.1,16.1,9
Will Fuller,HOU,1,5,5,100,1,0,0,0,16.0,16.0,9
JuJu Smith-Schuster,PIT,1,7,6,93,1,0,0,0,15.3,15.3,9
Brandin Cooks,HOU,1,9,3,83,1,0,0,0,14.3,14.3,9
CeeDee Lamb,DAL,1,7,4,71,1,0,0,0,13.1,13.1,9
David Moore,SEA,1,6,4,71,1,0,0,0,13.1,13.1,9
Gabriel Davis,BUF,1,5,4,70,1,0,0,0,13.0,13.0,9
Preston Williams,MIA,1,5,4,60,1,0,0,0,12.0,12.0,9
Stefon Diggs,BUF,1,12,9,118,0,0,0,0,11.8,11.8,9
Nelson Agholor,LV,1,3,2,55,1,0,0,0,11.5,11.5,9
Julio Jones,ATL,1,7,5,54,1,0,0,0,11.4,11.4,9
Cam Sims,WAS,1,4,3,110,0,0,0,0,11.0,11.0,9
Marvin Jones,DET,1,4,3,43,1,0,0,0,10.3,10.3,9
John Brown,BUF,1,11,8,99,0,0,0,0,9.9,9.9,9
Emmanuel Sanders,NO,1,5,4,38,1,0,0,0,9.8,9.8,9
KJ Hamler,DEN,1,10,6,75,0,1,15,0,9.0,9.0,9
Tim Patrick,DEN,1,9,4,29,1,0,0,0,8.9,8.9,9
Jamison Crowder,NYJ,1,2,2,26,1,0,0,0,8.6,8.6,9
Isaiah McKenzie,BUF,1,1,1,25,1,1,1,0,8.6,8.6,9
Diontae Johnson,PIT,1,10,6,77,0,1,4,0,8.1,8.1,9
Allen Robinson,CHI,1,9,7,81,0,0,0,0,8.1,8.1,9
Mike Williams,LAC,1,7,5,81,0,0,0,0,8.1,8.1,9
Danny Amendola,DET,1,10,7,77,0,1,2,0,7.9,7.9,9
James Washington,PIT,1,2,1,17,1,0,0,0,7.7,7.7,9
Amari Cooper,DAL,1,6,5,67,0,1,8,0,7.5,7.5,9
Demarcus Robinson,KC,1,3,3,34,1,0,0,0,7.4,7.4,9
Tre'Quan Smith,NO,1,2,1,14,1,0,0,0,7.4,7.4,9
Chase Claypool,PIT,1,13,8,69,0,1,4,0,7.3,7.3,9
Brandon Powell,ATL,1,1,1,9,1,1,4,0,7.3,7.3,9
Austin Mack,NYG,1,5,4,72,0,0,0,0,7.2,7.2,9
Mack Hollins,MIA,1,1,1,11,1,0,0,0,7.1,7.1,9
Damiere Byrd,NE,1,9,5,65,0,0,0,0,6.5,6.5,9
Mike Evans,TB,1,6,4,64,0,0,0,0,6.4,6.4,9
Justin Jefferson,MIN,1,4,3,64,0,0,0,0,6.4,6.4,9
DeVante Parker,MIA,1,7,6,64,0,0,0,0,6.4,6.4,9
Robby Anderson,CAR,1,13,9,63,0,0,0,0,6.3,6.3,9
Denzel Mims,NYJ,1,8,4,62,0,0,0,0,6.2,6.2,9
Hunter Renfrow,LV,1,3,2,60,0,0,0,0,6.0,6.0,9
Sterling Shepard,NYG,1,8,6,39,0,1,18,0,5.7,5.7,9
Michael Pittman Jr,IND,1,7,4,56,0,0,0,0,5.6,5.6,9
DeMichael Harris,IND,1,4,4,27,0,2,28,0,5.5,5.5,9
Zach Pascal,IND,1,6,5,55,0,0,0,0,5.5,5.5,9
Larry Fitzgerald,ARI,1,5,4,54,0,0,0,0,5.4,5.4,9
Chris Conley,JAC,1,8,7,52,0,0,0,0,5.2,5.2,9
Michael Thomas,NO,1,6,5,51,0,0,0,0,5.1,5.1,9
Tyron Johnson,LAC,1,1,1,50,0,0,0,0,5.0,5.0,9
Mecole Hardman,KC,1,4,3,48,0,0,0,0,4.8,4.8,9
Darnell Mooney,CHI,1,11,5,43,0,0,0,0,4.3,4.3,9
Chris Godwin,TB,1,6,3,41,0,0,0,0,4.1,4.1,9
Deonte Harris,NO,1,1,1,40,0,0,0,0,4.0,4.0,9
Tyler Lockett,SEA,1,7,4,40,0,0,0,0,4.0,4.0,9
Cordarrelle Patterson,CHI,1,4,4,27,0,3,13,0,4.0,4.0,9
Cole Beasley,BUF,1,3,3,39,0,0,0,0,3.9,3.9,9
Anthony Miller,CHI,1,8,5,59,0,0,0,0,3.9,3.9,9
Marquise Brown,BAL,1,5,3,38,0,0,0,0,3.8,3.8,9
Adam Thielen,MIN,1,5,2,38,0,0,0,0,3.8,3.8,9
Willie Snead,BAL,1,4,4,37,0,0,0,0,3.7,3.7,9
Michael Gallup,DAL,1,7,3,36,0,0,0,0,3.6,3.6,9
Jakeem Grant,MIA,1,5,4,35,0,0,0,0,3.5,3.5,9
Christian Blake,ATL,1,3,3,31,0,0,0,0,3.1,3.1,9
Antonio Brown,TB,1,5,3,31,0,0,0,0,3.1,3.1,9
Quintez Cephus,DET,1,2,2,31,0,0,0,0,3.1,3.1,9
DeAndre Hopkins,ARI,1,3,3,30,0,0,0,0,3.0,3.0,9
Marvin Hall,DET,1,5,3,28,0,0,0,0,2.8,2.8,9
Brandon Zylstra,CAR,1,1,1,28,0,0,0,0,2.8,2.8,9
Riley Ridley,CHI,1,2,2,23,0,0,0,0,2.3,2.3,9
Randall Cobb,HOU,1,3,3,21,0,0,0,0,2.1,2.1,9
D.J. Moore,CAR,1,3,2,18,0,0,0,0,1.8,1.8,9
Ray-Ray McCloud,PIT,1,2,2,16,0,0,0,0,1.6,1.6,9
Gunner Olszewski,NE,1,1,1,-1,0,3,16,0,1.5,1.5,9
Marcus Johnson,IND,1,7,2,14,0,0,0,0,1.4,1.4,9
Braxton Berrios,NYJ,1,1,1,13,0,0,0,0,1.3,1.3,9
River Cracraft,SF,1,5,2,13,0,0,0,0,1.3,1.3,9
DaeSean Hamilton,DEN,1,2,2,12,0,0,0,0,1.2,1.2,9
Miles Boykin,BAL,1,1,1,11,0,0,0,0,1.1,1.1,9
Marquez Callaway,NO,1,2,2,11,0,0,0,0,1.1,1.1,9
Russell Gage,ATL,1,6,2,11,0,0,0,0,1.1,1.1,9
Tyler Johnson,TB,1,1,1,11,0,0,0,0,1.1,1.1,9
C.J. Board,NYG,1,1,1,10,0,0,0,0,1.0,1.0,9
Andy Isabella,ARI,1,3,2,10,0,0,0,0,1.0,1.0,9
Scotty Miller,TB,1,3,1,10,0,0,0,0,1.0,1.0,9
Henry Ruggs III,LV,1,3,0,0,0,1,10,0,1.0,1.0,9
Isaiah Wright,WAS,1,3,3,30,0,0,0,0,1.0,1.0,9
Jalen Guyton,LAC,1,2,1,9,0,0,0,0,0.9,0.9,9
Collin Johnson,JAC,1,2,1,9,0,0,0,0,0.9,0.9,9
Malik Taylor,GB,1,0,0,0,0,1,9,0,0.9,0.9,9
Trent Taylor,SF,1,4,1,9,0,0,0,0,0.9,0.9,9
Darius Slayton,NYG,1,1,1,6,0,1,2,0,0.8,0.8,9
Joe Reed,LAC,1,1,0,0,0,2,7,0,0.7,0.7,9
Cameron Batson,TEN,1,1,1,6,0,0,0,0,0.6,0.6,9
Keelan Cole,JAC,1,2,1,6,0,0,0,0,0.6,0.6,9
Cedrick Wilson,DAL,1,3,1,6,0,0,0,0,0.6,0.6,9
Steven Sims,WAS,1,1,1,4,0,0,0,0,0.4,0.4,9
Darrius Shepherd,GB,1,1,1,3,0,0,0,0,0.3,0.3,9
Tyrie Cleveland,DEN,1,1,0,0,0,0,0,0,0.0,0.0,9
Corey Davis,TEN,1,3,0,0,0,0,0,0,0.0,0.0,9
Malcolm Perry,MIA,1,1,0,0,0,0,0,0,0.0,0.0,9
Freddie Swain,SEA,1,2,0,0,0,0,0,0,0.0,0.0,9
Devin Duvernay,BAL,1,0,0,0,0,1,-1,0,-0.1,-0.1,9
Laviska Shenault,JAC,1,1,1,-1,0,0,0,0,-0.1,-0.1,9
Marquez Valdes-Scantling,GB,1,6,4,149,1,0,0,0,20.9,20.9,10
DeAndre Hopkins,ARI,1,12,7,127,1,0,0,0,18.7,18.7,10
Willie Snead,BAL,1,7,5,64,2,0,0,0,18.4,18.4,10
Diontae Johnson,PIT,1,11,6,116,1,0,0,0,17.6,17.6,10
Chase Claypool,PIT,1,10,4,56,2,2,-3,0,17.3,17.3,10
Cole Beasley,BUF,1,13,11,109,1,0,0,0,16.9,16.9,10
Adam Thielen,MIN,1,7,4,43,2,0,0,0,16.3,16.3,10
Marvin Jones,DET,1,10,8,96,1,0,0,0,15.6,15.6,10
D.J. Moore,CAR,1,7,4,96,1,0,0,0,15.6,15.6,10
Tee Higgins,CIN,1,9,7,115,1,0,0,0,15.5,15.5,10
Stefon Diggs,BUF,1,11,10,93,1,0,0,0,15.3,15.3,10
Mike Evans,TB,1,11,6,77,1,0,0,0,13.7,13.7,10
JuJu Smith-Schuster,PIT,1,13,9,77,1,0,0,0,13.7,13.7,10
Justin Jefferson,MIN,1,10,8,135,0,0,0,0,13.5,13.5,10
Brandon Aiyuk,SF,1,14,7,75,1,1,-8,0,12.7,12.7,10
Michael Pittman Jr,IND,1,8,7,101,0,1,21,0,12.2,12.2,10
Marvin Hall,DET,1,3,2,61,1,0,0,0,12.1,12.1,10
Keelan Cole,JAC,1,7,5,47,1,0,0,0,10.7,10.7,10
Davante Adams,GB,1,12,8,66,1,0,0,0,10.6,10.6,10
Jakeem Grant,MIA,1,5,4,43,1,0,0,0,10.3,10.3,10
Terry McLaurin,WAS,1,9,7,95,0,1,27,0,10.2,10.2,10
Keenan Allen,LAC,1,7,3,39,1,0,0,0,9.9,9.9,10
Josh Reynolds,LAR,1,10,8,94,0,0,0,0,9.4,9.4,10
Darius Slayton,NYG,1,7,5,93,0,0,0,0,9.3,9.3,10
Chris Godwin,TB,1,6,6,92,0,0,0,0,9.2,9.2,10
DaeSean Hamilton,DEN,1,6,4,33,1,0,0,0,7.3,7.3,10
John Brown,BUF,1,8,6,72,0,0,0,0,7.2,7.2,10
Jerry Jeudy,DEN,1,8,4,68,0,0,0,0,6.8,6.8,10
Corey Davis,TEN,1,6,5,67,0,0,0,0,6.7,6.7,10
Antonio Brown,TB,1,8,7,69,0,1,-3,0,6.6,6.6,10
Tyler Lockett,SEA,1,9,5,66,0,0,0,0,6.6,6.6,10
Tim Patrick,DEN,1,6,4,61,0,0,0,0,6.1,6.1,10
Jakobi Meyers,NE,1,7,5,59,0,0,0,0,5.9,5.9,10
Isaiah Wright,WAS,1,6,6,59,0,0,0,0,5.9,5.9,10
D.J. Chark,JAC,1,5,4,56,0,0,0,0,5.6,5.6,10
Cam Sims,WAS,1,5,4,54,0,0,0,0,5.4,5.4,10
KJ Hamler,DEN,1,10,4,50,0,0,0,0,5.0,5.0,10
Cooper Kupp,LAR,1,7,5,50,0,0,0,0,5.0,5.0,10
Cordarrelle Patterson,CHI,1,2,2,19,0,12,30,0,4.9,4.9,10
Rashard Higgins,CLE,1,4,3,48,0,0,0,0,4.8,4.8,10
Jalen Reagor,PHI,1,7,4,47,0,0,0,0,4.7,4.7,10
Sterling Shepard,NYG,1,6,6,47,0,0,0,0,4.7,4.7,10
Steven Sims,WAS,1,6,5,46,0,0,0,0,4.6,4.6,10
Devin Duvernay,BAL,1,3,3,45,0,0,0,0,4.5,4.5,10
Golden Tate,NYG,1,5,2,44,0,0,0,0,4.4,4.4,10
Chris Conley,JAC,1,8,4,43,0,0,0,0,4.3,4.3,10
Allen Robinson,CHI,1,9,6,43,0,0,0,0,4.3,4.3,10
Tyler Boyd,CIN,1,8,6,41,0,0,0,0,4.1,4.1,10
Randall Cobb,HOU,1,5,3,41,0,0,0,0,4.1,4.1,10
T.Y. Hilton,IND,1,5,4,40,0,0,0,0,4.0,4.0,10
Brandin Cooks,HOU,1,8,6,39,0,0,0,0,3.9,3.9,10
Greg Ward,PHI,1,6,5,39,0,0,0,0,3.9,3.9,10
Will Fuller,HOU,1,8,5,38,0,0,0,0,3.8,3.8,10
Mike Williams,LAC,1,5,2,38,0,0,0,0,3.8,3.8,10
Freddie Swain,SEA,1,4,3,37,0,0,0,0,3.7,3.7,10
Robert Woods,LAR,1,6,5,33,0,1,3,0,3.6,3.6,10
Zach Pascal,IND,1,5,4,33,0,0,0,0,3.3,3.3,10
DeVante Parker,MIA,1,7,2,31,0,0,0,0,3.1,3.1,10
Henry Ruggs III,LV,1,4,3,31,0,0,0,0,3.1,3.1,10
Hunter Renfrow,LV,1,2,2,30,0,0,0,0,3.0,3.0,10
James Washington,PIT,1,2,2,30,0,0,0,0,3.0,3.0,10
Jarvis Landry,CLE,1,5,3,29,0,0,0,0,2.9,2.9,10
DK Metcalf,SEA,1,4,2,28,0,0,0,0,2.8,2.8,10
Anthony Miller,CHI,1,7,2,28,0,0,0,0,2.8,2.8,10
Christian Kirk,ARI,1,6,4,27,0,0,0,0,2.7,2.7,10
Malcolm Perry,MIA,1,2,2,21,0,1,6,0,2.7,2.7,10
Michael Thomas,NO,1,7,2,27,0,0,0,0,2.7,2.7,10
Kendrick Bourne,SF,1,5,4,26,0,0,0,0,2.6,2.6,10
Jalen Guyton,LAC,1,6,4,24,0,0,0,0,2.4,2.4,10
Auden Tate,CIN,1,4,2,24,0,0,0,0,2.4,2.4,10
Robby Anderson,CAR,1,6,4,21,0,0,0,0,2.1,2.1,10
A.J. Brown,TEN,1,4,1,21,0,0,0,0,2.1,2.1,10
DeMichael Harris,IND,1,1,1,21,0,0,0,0,2.1,2.1,10
David Moore,SEA,1,3,2,16,0,1,2,0,1.8,1.8,10
Chad Beebe,MIN,1,2,2,16,0,0,0,0,1.6,1.6,10
Bryan Edwards,LV,1,1,1,16,0,0,0,0,1.6,1.6,10
Donovan Peoples-Jones,CLE,1,2,2,16,0,0,0,0,1.6,1.6,10
Van Jefferson,LAR,1,1,1,15,0,0,0,0,1.5,1.5,10
Marquise Brown,BAL,1,6,2,14,0,0,0,0,1.4,1.4,10
Andy Isabella,ARI,1,1,1,14,0,0,0,0,1.4,1.4,10
Larry Fitzgerald,ARI,1,5,2,13,0,0,0,0,1.3,1.3,10
Curtis Samuel,CAR,1,5,3,8,0,3,4,0,1.2,1.2,10
Danny Amendola,DET,1,3,3,10,0,0,0,0,1.0,1.0,10
Quintez Cephus,DET,1,2,1,10,0,0,0,0,1.0,1.0,10
Austin Mack,NYG,1,1,1,9,0,0,0,0,0.9,0.9,10
Nelson Agholor,LV,1,4,1,8,0,0,0,0,0.8,0.8,10
Cameron Batson,TEN,1,2,2,8,0,0,0,0,0.8,0.8,10
Travis Fulgham,PHI,1,5,1,8,0,0,0,0,0.8,0.8,10
Richie James,SF,1,5,3,26,0,0,0,0,0.6,0.6,10
Zay Jones,LV,1,1,1,6,0,0,0,0,0.6,0.6,10
Kenny Stills,HOU,1,1,1,6,0,0,0,0,0.6,0.6,10
Emmanuel Sanders,NO,1,1,1,5,0,0,0,0,0.5,0.5,10
Deonte Harris,NO,1,4,4,24,0,0,0,0,0.4,0.4,10
Scotty Miller,TB,1,1,1,4,0,0,0,0,0.4,0.4,10
Ray-Ray McCloud,PIT,1,2,2,4,0,1,-1,0,0.3,0.3,10
Darnell Mooney,CHI,1,2,2,3,0,0,0,0,0.3,0.3,10
Isaiah McKenzie,BUF,1,1,1,2,0,0,0,0,0.2,0.2,10
Mack Hollins,MIA,1,1,1,1,0,0,0,0,0.1,0.1,10
Jeff Badet,WAS,1,1,0,0,0,0,0,0,0.0,0.0,10
Gabriel Davis,BUF,1,3,0,0,0,0,0,0,0.0,0.0,10
Terry Godwin,JAC,1,2,0,0,0,0,0,0,0.0,0.0,10
A.J. Green,CIN,1,5,0,0,0,0,0,0,0.0,0.0,10
KhaDarel Hodge,CLE,1,1,0,0,0,0,0,0,0.0,0.0,10
Alshon Jeffery,PHI,1,1,0,0,0,0,0,0,0.0,0.0,10
Marcus Johnson,IND,1,1,0,0,0,0,0,0,0.0,0.0,10
Olabisi Johnson,MIN,1,1,0,0,0,0,0,0,0.0,0.0,10
Tyler Johnson,TB,1,1,0,0,0,0,0,0,0.0,0.0,10
Tre'Quan Smith,NO,1,1,0,0,0,0,0,0,0.0,0.0,10
Mike Thomas,CIN,1,2,0,0,0,0,0,0,0.0,0.0,10
Nick Westbrook-Ikhine,TEN,1,1,0,0,0,0,0,0,0.0,0.0,10
Alex Erickson,CIN,1,0,0,0,0,0,0,0,-2.0,-2.0,10
Dwayne Harris,CHI,1,0,0,0,0,0,0,0,-2.0,-2.0,10
Adam Thielen,MIN,1,11,8,123,2,0,0,0,24.3,24.3,11
Damiere Byrd,NE,1,7,6,132,1,1,11,0,20.3,20.3,11
Robert Woods,LAR,1,15,12,130,1,2,-4,0,18.6,18.6,11
Keenan Allen,LAC,1,19,16,145,1,0,0,0,18.5,18.5,11
Davante Adams,GB,1,8,7,106,1,0,0,0,16.6,16.6,11
Tyreek Hill,KC,1,14,11,102,1,2,-2,0,16.0,16.0,11
Nelson Agholor,LV,1,9,6,88,1,0,0,0,14.8,14.8,11
D.J. Moore,CAR,1,11,7,127,0,1,21,0,14.8,14.8,11
Justin Jefferson,MIN,1,5,3,86,1,0,0,0,14.6,14.6,11
Cooper Kupp,LAR,1,13,11,145,0,0,0,0,14.5,14.5,11
Curtis Samuel,CAR,1,10,8,70,1,1,4,0,13.4,13.4,11
Mike Williams,LAC,1,7,4,72,1,0,0,0,13.2,13.2,11
Tyler Lockett,SEA,1,9,9,67,1,0,0,0,12.7,12.7,11
Michael Pittman Jr,IND,1,3,3,66,1,0,0,0,12.6,12.6,11
A.J. Brown,TEN,1,7,4,62,1,0,0,0,12.2,12.2,11
DeVante Parker,MIA,1,9,6,61,1,0,0,0,12.1,12.1,11
Chase Claypool,PIT,1,8,4,59,1,0,0,0,11.9,11.9,11
Tim Patrick,DEN,1,8,5,119,0,0,0,0,11.9,11.9,11
Breshad Perriman,NYJ,1,4,2,54,1,0,0,0,11.4,11.4,11
Corey Davis,TEN,1,7,5,113,0,0,0,0,11.3,11.3,11
Chris Godwin,TB,1,10,7,53,1,0,0,0,11.3,11.3,11
Diontae Johnson,PIT,1,16,12,111,0,0,0,0,11.1,11.1,11
Mike Evans,TB,1,9,5,49,1,0,0,0,10.9,10.9,11
CeeDee Lamb,DAL,1,6,4,34,1,2,12,0,10.6,10.6,11
DK Metcalf,SEA,1,5,3,46,1,0,0,0,10.6,10.6,11
Michael Thomas,NO,1,12,9,104,0,0,0,0,10.4,10.4,11
A.J. Green,CIN,1,9,4,41,1,0,0,0,10.1,10.1,11
Calvin Ridley,ATL,1,9,5,90,0,0,0,0,9.0,9.0,11
Tyler Boyd,CIN,1,11,9,85,0,0,0,0,8.5,8.5,11
Brandin Cooks,HOU,1,5,4,85,0,0,0,0,8.5,8.5,11
Terry McLaurin,WAS,1,7,5,84,0,0,0,0,8.4,8.4,11
Amari Cooper,DAL,1,7,6,81,0,0,0,0,8.1,8.1,11
Will Fuller,HOU,1,8,6,80,0,0,0,0,8.0,8.0,11
KhaDarel Hodge,CLE,1,5,3,73,0,0,0,0,7.3,7.3,11
Steven Sims,WAS,1,3,3,13,1,0,0,0,7.3,7.3,11
Denzel Mims,NYJ,1,8,3,71,0,0,0,0,7.1,7.1,11
Keke Coutee,HOU,1,4,2,10,1,0,0,0,7.0,7.0,11
Randall Cobb,HOU,1,2,2,7,1,0,0,0,6.7,6.7,11
Van Jefferson,LAR,1,1,1,7,1,0,0,0,6.7,6.7,11
Emmanuel Sanders,NO,1,5,4,66,0,0,0,0,6.6,6.6,11
Rashard Higgins,CLE,1,4,3,65,0,0,0,0,6.5,6.5,11
Larry Fitzgerald,ARI,1,10,8,62,0,0,0,0,6.2,6.2,11
Antonio Brown,TB,1,13,8,57,0,1,1,0,5.8,5.8,11
Russell Gage,ATL,1,12,7,58,0,0,0,0,5.8,5.8,11
Tyron Johnson,LAC,1,1,1,54,0,0,0,0,5.4,5.4,11
Zach Pascal,IND,1,3,3,54,0,0,0,0,5.4,5.4,11
Jalen Reagor,PHI,1,5,4,52,0,0,0,0,5.2,5.2,11
DeAndre Hopkins,ARI,1,8,5,51,0,0,0,0,5.1,5.1,11
Marvin Jones,DET,1,6,4,51,0,0,0,0,5.1,5.1,11
Christian Kirk,ARI,1,6,4,50,0,0,0,0,5.0,5.0,11
Robby Anderson,CAR,1,9,7,46,0,0,0,0,4.6,4.6,11
Demarcus Robinson,KC,1,8,6,44,0,0,0,0,4.4,4.4,11
D.J. Chark,JAC,1,8,4,41,0,0,0,0,4.1,4.1,11
N'Keal Harry,NE,1,8,5,41,0,0,0,0,4.1,4.1,11
Julio Jones,ATL,1,2,2,39,0,0,0,0,3.9,3.9,11
Jakobi Meyers,NE,1,3,3,38,0,0,0,0,3.8,3.8,11
Jerry Jeudy,DEN,1,8,3,37,0,0,0,0,3.7,3.7,11
Hunter Renfrow,LV,1,2,2,37,0,0,0,0,3.7,3.7,11
T.Y. Hilton,IND,1,6,3,36,0,0,0,0,3.6,3.6,11
KJ Hamler,DEN,1,6,4,35,0,0,0,0,3.5,3.5,11
Marquez Valdes-Scantling,GB,1,6,3,55,0,0,0,0,3.5,3.5,11
Josh Reynolds,LAR,1,6,3,32,0,0,0,0,3.2,3.2,11
Michael Gallup,DAL,1,5,2,29,0,0,0,0,2.9,2.9,11
Christian Blake,ATL,1,4,2,28,0,0,0,0,2.8,2.8,11
Dez Bryant,BAL,1,5,4,28,0,0,0,0,2.8,2.8,11
Keelan Cole,JAC,1,5,2,26,0,0,0,0,2.6,2.6,11
Tee Higgins,CIN,1,10,3,26,0,0,0,0,2.6,2.6,11
Jarvis Landry,CLE,1,2,2,23,0,1,3,0,2.6,2.6,11
Cameron Batson,TEN,1,2,2,21,0,1,4,0,2.5,2.5,11
Deonte Harris,NO,1,1,1,2,0,1,23,0,2.5,2.5,11
Ray-Ray McCloud,PIT,1,4,4,20,0,1,3,0,2.3,2.3,11
Malcolm Perry,MIA,1,5,3,23,0,0,0,0,2.3,2.3,11
Willie Snead,BAL,1,7,3,23,0,0,0,0,2.3,2.3,11
Equanimeous St. Brown,GB,1,1,1,23,0,0,0,0,2.3,2.3,11
DeMichael Harris,IND,1,1,1,1,0,2,19,0,2.0,2.0,11
Cam Sims,WAS,1,2,2,20,0,0,0,0,2.0,2.0,11
JuJu Smith-Schuster,PIT,1,5,4,19,0,0,0,0,1.9,1.9,11
Zay Jones,LV,1,1,1,18,0,0,0,0,1.8,1.8,11
Allen Lazard,GB,1,4,2,18,0,0,0,0,1.8,1.8,11
Byron Pringle,KC,1,4,3,17,0,0,0,0,1.7,1.7,11
Henry Ruggs III,LV,1,1,1,5,0,1,12,0,1.7,1.7,11
Jamison Crowder,NYJ,1,3,1,16,0,0,0,0,1.6,1.6,11
Marvin Hall,DET,1,3,3,16,0,0,0,0,1.6,1.6,11
Mecole Hardman,KC,1,1,1,16,0,0,0,0,1.6,1.6,11
Jakeem Grant,MIA,1,6,2,12,0,1,3,0,1.5,1.5,11
Donte Moncrief,NE,1,2,1,15,0,0,0,0,1.5,1.5,11
Marcus Johnson,IND,1,3,1,14,0,0,0,0,1.4,1.4,11
James Proche,BAL,1,1,1,14,0,0,0,0,1.4,1.4,11
Antonio Callaway,MIA,1,1,1,13,0,0,0,0,1.3,1.3,11
Chris Conley,JAC,1,4,1,13,0,0,0,0,1.3,1.3,11
James Washington,PIT,1,3,1,12,0,0,0,0,1.2,1.2,11
Jamal Agnew,DET,1,6,3,10,0,0,0,0,1.0,1.0,11
Alex Erickson,CIN,1,1,1,8,0,1,2,0,1.0,1.0,11
Olamide Zaccheaus,ATL,1,1,1,10,0,0,0,0,1.0,1.0,11
Quintez Cephus,DET,1,2,1,9,0,0,0,0,0.9,0.9,11
Mack Hollins,MIA,1,2,1,9,0,0,0,0,0.9,0.9,11
Olabisi Johnson,MIN,1,1,1,9,0,0,0,0,0.9,0.9,11
Greg Ward,PHI,1,4,3,9,0,0,0,0,0.9,0.9,11
Travis Fulgham,PHI,1,7,1,8,0,0,0,0,0.8,0.8,11
Nick Westbrook-Ikhine,TEN,1,1,1,7,0,0,0,0,0.7,0.7,11
Cedrick Wilson,DAL,1,2,1,7,0,0,0,0,0.7,0.7,11
Isaiah Wright,WAS,1,1,1,7,0,0,0,0,0.7,0.7,11
Noah Brown,DAL,1,1,1,6,0,0,0,0,0.6,0.6,11
Andy Isabella,ARI,1,2,1,6,0,0,0,0,0.6,0.6,11
Devin Duvernay,BAL,1,2,1,5,0,0,0,0,0.5,0.5,11
David Moore,SEA,1,2,2,5,0,0,0,0,0.5,0.5,11
Jeff Smith,NYJ,1,1,1,5,0,0,0,0,0.5,0.5,11
Auden Tate,CIN,1,2,1,5,0,0,0,0,0.5,0.5,11
Jalen Guyton,LAC,1,1,1,4,0,0,0,0,0.4,0.4,11
Brandon Powell,ATL,1,0,0,0,0,1,3,0,0.3,0.3,11
Bryan Edwards,LV,1,2,1,1,0,0,0,0,0.1,0.1,11
Marquise Brown,BAL,1,3,0,0,0,0,0,0,0.0,0.0,11
Alshon Jeffery,PHI,1,1,0,0,0,0,0,0,0.0,0.0,11
Darrius Shepherd,GB,1,0,0,0,0,0,0,0,-2.0,-2.0,11
Tyreek Hill,KC,1,15,13,269,3,0,0,0,44.9,44.9,12
Will Fuller,HOU,1,7,6,171,2,0,0,0,29.1,29.1,12
Jarvis Landry,CLE,1,11,8,143,1,0,0,0,20.3,20.3,12
Allen Robinson,CHI,1,13,8,74,2,0,0,0,19.4,19.4,12
Justin Jefferson,MIN,1,13,7,70,2,0,0,0,19.0,19.0,12
DK Metcalf,SEA,1,13,10,177,0,0,0,0,17.7,17.7,12
Amari Cooper,DAL,1,8,6,112,1,0,0,0,17.2,17.2,12
Mike Evans,TB,1,9,3,50,2,0,0,0,17.0,17.0,12
A.J. Brown,TEN,1,6,4,98,1,0,0,0,15.8,15.8,12
Collin Johnson,JAC,1,8,4,96,1,0,0,0,15.6,15.6,12
Robby Anderson,CAR,1,7,4,94,1,0,0,0,15.4,15.4,12
Marquise Brown,BAL,1,8,4,85,1,0,0,0,14.5,14.5,12
T.Y. Hilton,IND,1,5,4,81,1,0,0,0,14.1,14.1,12
Gabriel Davis,BUF,1,4,3,79,1,0,0,0,13.9,13.9,12
Deebo Samuel,SF,1,13,11,133,0,0,0,0,13.3,13.3,12
Davante Adams,GB,1,9,6,61,1,0,0,0,12.1,12.1,12
DeVante Parker,MIA,1,14,8,119,0,0,0,0,11.9,11.9,12
Calvin Ridley,ATL,1,9,6,50,1,0,0,0,11.0,11.0,12
Tee Higgins,CIN,1,5,5,44,1,0,0,0,10.4,10.4,12
Chad Beebe,MIN,1,7,7,63,1,0,0,0,10.3,10.3,12
Keenan Allen,LAC,1,10,4,40,1,0,0,0,10.0,10.0,12
Chris Godwin,TB,1,9,8,97,0,0,0,0,9.7,9.7,12
JuJu Smith-Schuster,PIT,1,9,8,37,1,0,0,0,9.7,9.7,12
Terry McLaurin,WAS,1,9,7,92,0,0,0,0,9.2,9.2,12
Mohamed Sanu,DET,1,4,4,32,1,0,0,0,9.2,9.2,12
Robert Woods,LAR,1,12,7,80,0,1,8,0,8.8,8.8,12
Brandin Cooks,HOU,1,5,5,85,0,0,0,0,8.5,8.5,12
Allen Lazard,GB,1,6,4,23,1,0,0,0,8.3,8.3,12
Breshad Perriman,NYJ,1,8,4,79,0,0,0,0,7.9,7.9,12
Curtis Samuel,CAR,1,5,5,72,0,1,5,0,7.7,7.7,12
Olabisi Johnson,MIN,1,7,7,74,0,0,0,0,7.4,7.4,12
Hunter Renfrow,LV,1,9,7,73,0,0,0,0,7.3,7.3,12
Corey Davis,TEN,1,3,3,70,0,0,0,0,7.0,7.0,12
Sterling Shepard,NYG,1,8,7,64,0,1,4,0,6.8,6.8,12
Denzel Mims,NYJ,1,8,4,67,0,0,0,0,6.7,6.7,12
Brandon Powell,ATL,1,2,2,4,1,0,0,0,6.4,6.4,12
Tyron Johnson,LAC,1,4,2,63,0,0,0,0,6.3,6.3,12
D.J. Moore,CAR,1,9,4,61,0,0,0,0,6.1,6.1,12
DeAndre Hopkins,ARI,1,7,5,55,0,0,0,0,5.5,5.5,12
David Moore,SEA,1,3,3,-6,1,1,1,0,5.5,5.5,12
Nelson Agholor,LV,1,6,5,54,0,0,0,0,5.4,5.4,12
Henry Ruggs III,LV,1,5,3,56,0,1,-2,0,5.4,5.4,12
Chase Claypool,PIT,1,9,6,52,0,0,0,0,5.2,5.2,12
Jakobi Meyers,NE,1,6,5,52,0,0,0,0,5.2,5.2,12
Michael Thomas,NO,1,6,4,50,0,1,1,0,5.1,5.1,12
Marvin Jones,DET,1,12,6,48,0,0,0,0,4.8,4.8,12
Diontae Johnson,PIT,1,13,8,46,0,0,0,0,4.6,4.6,12
Equanimeous St. Brown,GB,1,2,2,39,0,1,7,0,4.6,4.6,12
Keelan Cole,JAC,1,6,3,44,0,0,0,0,4.4,4.4,12
Michael Gallup,DAL,1,8,6,41,0,0,0,0,4.1,4.1,12
Cooper Kupp,LAR,1,5,2,41,0,0,0,0,4.1,4.1,12
Josh Reynolds,LAR,1,6,5,40,0,0,0,0,4.0,4.0,12
Stefon Diggs,BUF,1,9,7,39,0,0,0,0,3.9,3.9,12
Sammy Watkins,KC,1,7,4,38,0,0,0,0,3.8,3.8,12
Laviska Shenault,JAC,1,4,3,31,0,1,6,0,3.7,3.7,12
Demarcus Robinson,KC,1,6,5,36,0,0,0,0,3.6,3.6,12
Golden Tate,NYG,1,9,4,36,0,0,0,0,3.6,3.6,12
Kendrick Bourne,SF,1,5,3,34,0,0,0,0,3.4,3.4,12
Russell Gage,ATL,1,5,3,34,0,0,0,0,3.4,3.4,12
Darnell Mooney,CHI,1,9,3,34,0,0,0,0,3.4,3.4,12
Damiere Byrd,NE,1,7,3,33,0,0,0,0,3.3,3.3,12
Jalen Guyton,LAC,1,4,3,33,0,0,0,0,3.3,3.3,12
Andy Isabella,ARI,1,6,4,33,0,0,0,0,3.3,3.3,12
Jamison Crowder,NYJ,1,5,3,31,0,0,0,0,3.1,3.1,12
KhaDarel Hodge,CLE,1,3,3,31,0,0,0,0,3.1,3.1,12
Richie James,SF,1,1,1,29,0,0,0,0,2.9,2.9,12
Anthony Miller,CHI,1,6,3,28,0,0,0,0,2.8,2.8,12
Michael Pittman Jr,IND,1,9,2,28,0,0,0,0,2.8,2.8,12
Quintez Cephus,DET,1,2,2,27,0,0,0,0,2.7,2.7,12
Mike Williams,LAC,1,5,3,26,0,0,0,0,2.6,2.6,12
Cole Beasley,BUF,1,4,2,25,0,0,0,0,2.5,2.5,12
Mecole Hardman,KC,1,5,3,23,0,0,0,0,2.3,2.3,12
Tyler Lockett,SEA,1,4,3,23,0,0,0,0,2.3,2.3,12
Zach Pascal,IND,1,4,1,23,0,0,0,0,2.3,2.3,12
CeeDee Lamb,DAL,1,7,5,21,0,0,0,0,2.1,2.1,12
Devin Duvernay,BAL,1,3,3,20,0,0,0,0,2.0,2.0,12
Mack Hollins,MIA,1,3,2,19,0,0,0,0,1.9,1.9,12
Christian Kirk,ARI,1,6,3,19,0,1,0,0,1.9,1.9,12
James Washington,PIT,1,3,2,19,0,0,0,0,1.9,1.9,12
Christian Blake,ATL,1,1,1,17,0,0,0,0,1.7,1.7,12
Keke Coutee,HOU,1,3,2,17,0,0,0,0,1.7,1.7,12
Travis Fulgham,PHI,1,2,2,16,0,0,0,0,1.6,1.6,12
Marvin Hall,DET,1,4,2,16,0,0,0,0,1.6,1.6,12
Riley Ridley,CHI,1,2,2,16,0,0,0,0,1.6,1.6,12
Tre'Quan Smith,NO,1,1,1,16,0,0,0,0,1.6,1.6,12
Tyler Boyd,CIN,1,6,3,15,0,0,0,0,1.5,1.5,12
Bryan Edwards,LV,1,2,1,15,0,0,0,0,1.5,1.5,12
Jakeem Grant,MIA,1,2,2,15,0,0,0,0,1.5,1.5,12
Rashard Higgins,CLE,1,2,1,15,0,0,0,0,1.5,1.5,12
Dontrelle Inman,WAS,1,1,1,15,0,0,0,0,1.5,1.5,12
Alshon Jeffery,PHI,1,4,2,15,0,0,0,0,1.5,1.5,12
C.J. Board,NYG,1,1,1,11,0,0,0,0,1.1,1.1,12
Antonio Brown,TB,1,3,2,11,0,0,0,0,1.1,1.1,12
Jalen Reagor,PHI,1,7,3,11,0,0,0,0,1.1,1.1,12
Olamide Zaccheaus,ATL,1,3,1,11,0,0,0,0,1.1,1.1,12
Cordarrelle Patterson,CHI,1,0,0,0,0,2,8,0,0.8,0.8,12
Malcolm Perry,MIA,1,1,1,8,0,0,0,0,0.8,0.8,12
Steven Sims,WAS,1,1,1,8,0,0,0,0,0.8,0.8,12
Antonio Callaway,MIA,1,1,1,7,0,0,0,0,0.7,0.7,12
KeeSean Johnson,ARI,1,1,1,7,0,0,0,0,0.7,0.7,12
Jeff Smith,NYJ,1,1,1,7,0,0,0,0,0.7,0.7,12
Cameron Batson,TEN,1,0,0,0,0,1,5,0,0.5,0.5,12
Emmanuel Sanders,NO,1,1,1,4,0,0,0,0,0.4,0.4,12
DeMichael Harris,IND,1,1,1,1,0,1,2,0,0.3,0.3,12
Zay Jones,LV,1,1,1,3,0,0,0,0,0.3,0.3,12
Greg Ward,PHI,1,3,1,3,0,0,0,0,0.3,0.3,12
John Hightower,PHI,1,1,1,1,0,0,0,0,0.1,0.1,12
Gunner Olszewski,NE,1,0,0,0,0,1,1,0,0.1,0.1,12
Jamal Agnew,DET,1,1,0,0,0,0,0,0,0.0,0.0,12
Lynn Bowden Jr,MIA,1,1,0,0,0,0,0,0,0.0,0.0,12
Dez Bryant,BAL,1,2,0,0,0,0,0,0,0.0,0.0,12
A.J. Green,CIN,1,3,0,0,0,0,0,0,0.0,0.0,12
DaeSean Hamilton,DEN,1,1,0,0,0,0,0,0,0.0,0.0,12
Jerry Jeudy,DEN,1,1,0,0,0,0,0,0,0.0,0.0,12
Tyler Johnson,TB,1,1,0,0,0,0,0,0,0.0,0.0,12
Scotty Miller,TB,1,1,0,0,0,0,0,0,0.0,0.0,12
Tim Patrick,DEN,1,2,0,0,0,0,0,0,0.0,0.0,12
James Proche,BAL,1,1,0,0,0,0,0,0,0.0,0.0,12
Kalif Raymond,TEN,1,1,0,0,0,0,0,0,0.0,0.0,12
Tajae Sharpe,MIN,1,1,0,0,0,0,0,0,0.0,0.0,12
Darius Slayton,NYG,1,2,0,0,0,0,0,0,0.0,0.0,12
Auden Tate,CIN,1,2,0,0,0,0,0,0,0.0,0.0,12
Taywan Taylor,CLE,1,1,0,0,0,0,0,0,0.0,0.0,12
Isaiah McKenzie,BUF,1,0,0,0,0,1,-1,0,-0.1,-0.1,12
Cedrick Wilson,DAL,1,0,0,0,0,1,-1,0,-0.1,-0.1,12
N'Keal Harry,NE,1,3,0,0,0,1,-2,0,-0.2,-0.2,12
Alex Erickson,CIN,1,0,0,0,0,1,-4,0,-0.4,-0.4,12
KJ Hamler,DEN,1,0,0,0,0,2,-8,0,-0.8,-0.8,12
Ray-Ray McCloud,PIT,1,1,1,8,0,0,0,0,-1.2,-1.2,12
Corey Davis,TEN,1,12,11,182,1,0,0,0,24.2,24.2,13
Davante Adams,GB,1,12,10,121,2,0,0,0,24.1,24.1,13
Cole Beasley,BUF,1,11,9,130,1,0,0,0,19.0,19.0,13
Justin Jefferson,MIN,1,12,9,121,1,1,2,0,18.3,18.3,13
Marvin Jones,DET,1,12,8,116,1,0,0,0,17.6,17.6,13
T.Y. Hilton,IND,1,11,8,110,1,0,0,0,17.0,17.0,13
Jamison Crowder,NYJ,1,7,5,47,2,0,0,0,16.7,16.7,13
Tim Patrick,DEN,1,4,4,44,2,0,0,0,16.4,16.4,13
Brandon Aiyuk,SF,1,9,5,95,1,0,0,0,15.5,15.5,13
Rashard Higgins,CLE,1,9,6,95,1,0,0,0,15.5,15.5,13
Donovan Peoples-Jones,CLE,1,3,2,92,1,0,0,0,15.2,15.2,13
Michael Gallup,DAL,1,11,7,86,1,0,0,0,14.6,14.6,13
Keke Coutee,HOU,1,9,8,141,0,0,0,0,14.1,14.1,13
James Washington,PIT,1,4,2,80,1,0,0,0,14.0,14.0,13
Adam Thielen,MIN,1,11,8,75,1,0,0,0,13.5,13.5,13
Tyler Boyd,CIN,1,4,1,72,1,0,0,0,13.2,13.2,13
Diontae Johnson,PIT,1,12,8,71,1,0,0,0,13.1,13.1,13
Gabriel Davis,BUF,1,4,3,68,1,0,0,0,12.8,12.8,13
Laviska Shenault,JAC,1,3,3,38,1,2,30,0,12.8,12.8,13
Henry Ruggs III,LV,1,4,3,84,1,0,0,0,12.4,12.4,13
Quintez Cephus,DET,1,4,2,63,1,0,0,0,12.3,12.3,13
Cordarrelle Patterson,CHI,1,2,1,4,0,10,59,1,12.3,12.3,13
Jarvis Landry,CLE,1,10,8,62,1,0,0,0,12.2,12.2,13
Greg Ward,PHI,1,5,3,57,1,0,0,0,11.7,11.7,13
Amari Cooper,DAL,1,9,5,43,1,1,10,0,11.3,11.3,13
DeAndre Hopkins,ARI,1,13,8,52,1,0,0,0,11.2,11.2,13
Russell Gage,ATL,1,8,4,51,1,0,0,0,11.1,11.1,13
Calvin Ridley,ATL,1,10,5,108,0,0,0,0,10.8,10.8,13
Tre'Quan Smith,NO,1,6,3,42,1,1,3,0,10.5,10.5,13
Michael Thomas,NO,1,11,9,105,0,0,0,0,10.5,10.5,13
Chad Hansen,HOU,1,7,5,101,0,0,0,0,10.1,10.1,13
Marquise Brown,BAL,1,8,5,39,1,0,0,0,9.9,9.9,13
Miles Boykin,BAL,1,3,1,38,1,0,0,0,9.8,9.8,13
Gunner Olszewski,NE,1,1,1,38,1,0,0,0,9.8,9.8,13
Julio Jones,ATL,1,10,6,94,0,0,0,0,9.4,9.4,13
Stefon Diggs,BUF,1,11,10,92,0,0,0,0,9.2,9.2,13
Cam Sims,WAS,1,9,5,92,0,0,0,0,9.2,9.2,13
Isaiah McKenzie,BUF,1,2,2,31,1,0,0,0,9.1,9.1,13
Tyreek Hill,KC,1,10,6,58,0,1,30,0,8.8,8.8,13
Robert Woods,LAR,1,11,10,85,0,0,0,0,8.5,8.5,13
DK Metcalf,SEA,1,8,5,80,0,0,0,0,8.0,8.0,13
Deebo Samuel,SF,1,9,6,73,0,1,3,0,7.6,7.6,13
N'Keal Harry,NE,1,3,2,15,1,0,0,0,7.5,7.5,13
Allen Robinson,CHI,1,7,6,75,0,0,0,0,7.5,7.5,13
Cameron Batson,TEN,1,3,3,14,1,1,0,0,7.4,7.4,13
Cooper Kupp,LAR,1,9,8,73,0,0,0,0,7.3,7.3,13
A.J. Brown,TEN,1,7,4,87,0,0,0,0,6.7,6.7,13
Collin Johnson,JAC,1,6,4,66,0,0,0,0,6.6,6.6,13
Brandin Cooks,HOU,1,8,5,65,0,0,0,0,6.5,6.5,13
Tyler Lockett,SEA,1,9,6,63,0,0,0,0,6.3,6.3,13
Danny Amendola,DET,1,5,3,62,0,0,0,0,6.2,6.2,13
Anthony Miller,CHI,1,5,5,56,0,1,3,0,5.9,5.9,13
Tee Higgins,CIN,1,7,5,56,0,0,0,0,5.6,5.6,13
Lynn Bowden Jr,MIA,1,4,4,41,0,1,11,0,5.2,5.2,13
Allen Lazard,GB,1,4,3,50,0,0,0,0,5.0,5.0,13
Keenan Allen,LAC,1,11,5,48,0,0,0,0,4.8,4.8,13
Hunter Renfrow,LV,1,6,4,47,0,0,0,0,4.7,4.7,13
CeeDee Lamb,DAL,1,9,6,46,0,0,0,0,4.6,4.6,13
Michael Pittman Jr,IND,1,5,5,46,0,0,0,0,4.6,4.6,13
Jalen Reagor,PHI,1,1,1,34,0,1,11,0,4.5,4.5,13
Darnell Mooney,CHI,1,6,4,43,0,0,0,0,4.3,4.3,13
Mike Williams,LAC,1,9,4,43,0,0,0,0,4.3,4.3,13
Jakeem Grant,MIA,1,6,2,42,0,0,0,0,4.2,4.2,13
D.J. Chark,JAC,1,7,2,41,0,0,0,0,4.1,4.1,13
Noah Brown,DAL,1,4,3,40,0,0,0,0,4.0,4.0,13
Denzel Mims,NYJ,1,3,2,40,0,0,0,0,4.0,4.0,13
Demarcus Robinson,KC,1,2,2,39,0,0,0,0,3.9,3.9,13
Emmanuel Sanders,NO,1,6,5,39,0,0,0,0,3.9,3.9,13
Nelson Agholor,LV,1,11,4,38,0,0,0,0,3.8,3.8,13
Chase Claypool,PIT,1,4,2,38,0,0,0,0,3.8,3.8,13
Jalen Guyton,LAC,1,7,2,38,0,0,0,0,3.8,3.8,13
Mohamed Sanu,DET,1,2,2,36,0,0,0,0,3.6,3.6,13
Kendrick Bourne,SF,1,6,4,35,0,0,0,0,3.5,3.5,13
DeVante Parker,MIA,1,8,4,35,0,0,0,0,3.5,3.5,13
Sammy Watkins,KC,1,6,4,35,0,0,0,0,3.5,3.5,13
Braxton Berrios,NYJ,1,2,2,33,0,0,0,0,3.3,3.3,13
Golden Tate,NYG,1,4,4,30,0,0,0,0,3.0,3.0,13
KJ Hamler,DEN,1,5,2,16,0,2,13,0,2.9,2.9,13
JuJu Smith-Schuster,PIT,1,10,7,28,0,0,0,0,2.8,2.8,13
Van Jefferson,LAR,1,5,4,27,0,0,0,0,2.7,2.7,13
KeeSean Johnson,ARI,1,4,4,27,0,0,0,0,2.7,2.7,13
Jamal Agnew,DET,1,2,2,24,0,1,0,0,2.4,2.4,13
Breshad Perriman,NYJ,1,4,1,22,0,0,0,0,2.2,2.2,13
Sterling Shepard,NYG,1,6,1,22,0,0,0,0,2.2,2.2,13
Josh Reynolds,LAR,1,1,1,21,0,0,0,0,2.1,2.1,13
Alex Erickson,CIN,1,3,2,17,0,0,0,0,1.7,1.7,13
Steven Sims,WAS,1,6,4,17,0,0,0,0,1.7,1.7,13
Damiere Byrd,NE,1,3,2,16,0,0,0,0,1.6,1.6,13
Tommylee Lewis,NO,1,1,0,0,0,1,16,0,1.6,1.6,13
Mecole Hardman,KC,1,3,1,15,0,0,0,0,1.5,1.5,13
Jakobi Meyers,NE,1,6,2,15,0,0,0,0,1.5,1.5,13
Terry McLaurin,WAS,1,6,2,14,0,0,0,0,1.4,1.4,13
Darius Slayton,NYG,1,1,1,14,0,0,0,0,1.4,1.4,13
Malik Taylor,GB,1,1,1,14,0,0,0,0,1.4,1.4,13
Javon Wims,CHI,1,1,1,13,0,0,0,0,1.3,1.3,13
Tyrie Cleveland,DEN,1,1,1,11,0,0,0,0,1.1,1.1,13
Zach Pascal,IND,1,1,1,11,0,0,0,0,1.1,1.1,13
Chad Beebe,MIN,1,3,2,10,0,0,0,0,1.0,1.0,13
Adam Humphries,TEN,1,4,1,9,0,0,0,0,0.9,0.9,13
Brandon Powell,ATL,1,1,1,9,0,0,0,0,0.9,0.9,13
Keelan Cole,JAC,1,2,1,7,0,0,0,0,0.7,0.7,13
K.J. Hill,LAC,1,1,1,7,0,0,0,0,0.7,0.7,13
Mack Hollins,MIA,1,1,1,7,0,0,0,0,0.7,0.7,13
Andy Isabella,ARI,1,5,2,7,0,0,0,0,0.7,0.7,13
Equanimeous St. Brown,GB,1,2,1,7,0,0,0,0,0.7,0.7,13
David Moore,SEA,1,2,1,6,0,0,0,0,0.6,0.6,13
Jerry Jeudy,DEN,1,4,1,5,0,0,0,0,0.5,0.5,13
Isaiah Wright,WAS,1,4,1,5,0,0,0,0,0.5,0.5,13
Ray-Ray McCloud,PIT,1,3,2,4,0,0,0,0,0.4,0.4,13
Donte Moncrief,NE,1,0,0,0,0,1,4,0,0.4,0.4,13
Devin Duvernay,BAL,1,1,1,2,0,0,0,0,0.2,0.2,13
Christian Kirk,ARI,1,3,1,2,0,0,0,0,0.2,0.2,13
Tyron Johnson,LAC,1,1,1,1,0,0,0,0,0.1,0.1,13
Ashton Dulin,IND,1,1,0,0,0,0,0,0,0.0,0.0,13
Bryan Edwards,LV,1,1,0,0,0,0,0,0,0.0,0.0,13
Travis Fulgham,PHI,1,2,0,0,0,0,0,0,0.0,0.0,13
A.J. Green,CIN,1,1,0,0,0,0,0,0,0.0,0.0,13
John Hightower,PHI,1,2,0,0,0,0,0,0,0.0,0.0,13
Alshon Jeffery,PHI,1,1,0,0,0,0,0,0,0.0,0.0,13
Zay Jones,LV,1,1,0,0,0,0,0,0,0.0,0.0,13
Freddie Swain,SEA,1,1,0,0,0,0,0,0,0.0,0.0,13
C.J. Board,NYG,1,1,1,-2,0,0,0,0,-0.2,-0.2,13
DeMichael Harris,IND,1,0,0,0,0,1,-3,0,-0.3,-0.3,13
Marquez Valdes-Scantling,GB,1,2,0,0,0,1,-4,0,-0.4,-0.4,13
Chris Conley,JAC,1,2,2,12,0,0,0,0,-0.8,-0.8,13
Nsimba Webster,LAR,1,0,0,0,0,0,0,0,-2.0,-2.0,13
Tyreek Hill,KC,1,7,3,79,1,1,32,1,23.1,23.1,14
KJ Hamler,DEN,1,3,2,86,2,0,0,0,20.6,20.6,14
T.Y. Hilton,IND,1,7,5,86,2,0,0,0,20.6,20.6,14
Stefon Diggs,BUF,1,14,10,130,1,1,1,0,19.1,19.1,14
Calvin Ridley,ATL,1,12,8,124,1,0,0,0,18.4,18.4,14
Allen Robinson,CHI,1,13,9,123,1,0,0,0,18.3,18.3,14
Davante Adams,GB,1,10,7,115,1,0,0,0,17.5,17.5,14
A.J. Brown,TEN,1,9,7,112,1,0,0,0,17.2,17.2,14
Nelson Agholor,LV,1,9,5,100,1,0,0,0,16.0,16.0,14
Marquez Valdes-Scantling,GB,1,6,6,85,1,0,0,0,14.5,14.5,14
DeAndre Hopkins,ARI,1,11,9,136,0,0,0,0,13.6,13.6,14
Rashard Higgins,CLE,1,10,6,68,1,0,0,0,12.8,12.8,14
Keelan Cole,JAC,1,12,7,67,1,0,0,0,12.7,12.7,14
A.J. Green,CIN,1,7,6,62,1,0,0,0,12.2,12.2,14
DK Metcalf,SEA,1,8,6,61,1,0,0,0,12.1,12.1,14
Brandon Aiyuk,SF,1,16,10,119,0,0,0,0,11.9,11.9,14
Tyron Johnson,LAC,1,7,6,55,1,0,0,0,11.5,11.5,14
JuJu Smith-Schuster,PIT,1,7,6,55,1,0,0,0,11.5,11.5,14
Keenan Allen,LAC,1,11,9,52,1,0,0,0,11.2,11.2,14
Amari Cooper,DAL,1,5,4,51,1,0,0,0,11.1,11.1,14
Marquise Brown,BAL,1,6,2,50,1,0,0,0,11.0,11.0,14
Scotty Miller,TB,1,2,1,48,1,0,0,0,10.8,10.8,14
Emmanuel Sanders,NO,1,5,3,48,1,0,0,0,10.8,10.8,14
Robby Anderson,CAR,1,12,8,84,0,2,13,0,9.7,9.7,14
Tim Patrick,DEN,1,5,3,36,1,0,0,0,9.6,9.6,14
Cooper Kupp,LAR,1,5,5,33,1,0,0,0,9.3,9.3,14
Curtis Samuel,CAR,1,9,7,68,0,2,22,0,9.0,9.0,14
David Moore,SEA,1,5,3,20,1,1,9,0,8.9,8.9,14
James Washington,PIT,1,6,3,29,1,0,0,0,8.9,8.9,14
Darnell Mooney,CHI,1,2,2,22,1,1,5,0,8.7,8.7,14
Lynn Bowden Jr,MIA,1,9,7,82,0,1,2,0,8.4,8.4,14
Michael Thomas,NO,1,8,8,84,0,0,0,0,8.4,8.4,14
Russell Gage,ATL,1,7,5,82,0,0,0,0,8.2,8.2,14
Freddie Swain,SEA,1,3,2,22,1,0,0,0,8.2,8.2,14
Gabriel Davis,BUF,1,8,3,19,1,0,0,0,7.9,7.9,14
Alshon Jeffery,PHI,1,1,1,15,1,0,0,0,7.5,7.5,14
Donovan Peoples-Jones,CLE,1,5,3,74,0,0,0,0,7.4,7.4,14
Laquon Treadwell,ATL,1,1,1,9,1,0,0,0,6.9,6.9,14
Danny Amendola,DET,1,7,6,66,0,0,0,0,6.6,6.6,14
Mack Hollins,MIA,1,9,5,66,0,0,0,0,6.6,6.6,14
Jalen Reagor,PHI,1,4,2,46,0,1,19,0,6.5,6.5,14
Keke Coutee,HOU,1,3,3,24,1,0,0,0,6.4,6.4,14
CeeDee Lamb,DAL,1,2,2,46,0,1,15,0,6.1,6.1,14
Tre'Quan Smith,NO,1,6,3,60,0,0,0,0,6.0,6.0,14
Mike Evans,TB,1,5,3,56,0,0,0,0,5.6,5.6,14
Chad Hansen,HOU,1,7,7,56,0,0,0,0,5.6,5.6,14
Pharoh Cooper,CAR,1,3,3,52,0,0,0,0,5.2,5.2,14
Jarvis Landry,CLE,1,9,6,52,0,0,0,0,5.2,5.2,14
Tyler Lockett,SEA,1,5,5,52,0,0,0,0,5.2,5.2,14
Sammy Watkins,KC,1,3,2,52,0,0,0,0,5.2,5.2,14
Laviska Shenault,JAC,1,11,6,49,0,1,2,0,5.1,5.1,14
Braxton Berrios,NYJ,1,5,3,49,0,0,0,0,4.9,4.9,14
Antonio Brown,TB,1,5,5,49,0,0,0,0,4.9,4.9,14
N'Keal Harry,NE,1,4,3,49,0,0,0,0,4.9,4.9,14
Tee Higgins,CIN,1,8,5,49,0,0,0,0,4.9,4.9,14
Damiere Byrd,NE,1,8,5,48,0,0,0,0,4.8,4.8,14
Marvin Jones,DET,1,8,4,48,0,0,0,0,4.8,4.8,14
Jakobi Meyers,NE,1,5,4,47,0,0,0,0,4.7,4.7,14
Michael Pittman Jr,IND,1,5,2,42,0,1,3,0,4.5,4.5,14
Tyler Boyd,CIN,1,9,5,43,0,0,0,0,4.3,4.3,14
Kendrick Bourne,SF,1,7,3,42,0,0,0,0,4.2,4.2,14
Jerry Jeudy,DEN,1,4,2,42,0,0,0,0,4.2,4.2,14
Cole Beasley,BUF,1,10,5,41,0,0,0,0,4.1,4.1,14
Diontae Johnson,PIT,1,7,4,40,0,0,0,0,4.0,4.0,14
Justin Jefferson,MIN,1,8,4,39,0,0,0,0,3.9,3.9,14
Golden Tate,NYG,1,2,1,39,0,0,0,0,3.9,3.9,14
Adam Thielen,MIN,1,4,3,39,0,0,0,0,3.9,3.9,14
Steven Mitchell,HOU,1,5,3,38,0,0,0,0,3.8,3.8,14
Mohamed Sanu,DET,1,2,2,37,0,0,0,0,3.7,3.7,14
Sterling Shepard,NYG,1,5,3,35,0,0,0,0,3.5,3.5,14
Richie James,SF,1,3,3,33,0,0,0,0,3.3,3.3,14
Collin Johnson,JAC,1,3,2,33,0,0,0,0,3.3,3.3,14
Jakeem Grant,MIA,1,5,3,32,0,0,0,0,3.2,3.2,14
Darius Slayton,NYG,1,8,3,31,0,0,0,0,3.1,3.1,14
Robert Woods,LAR,1,8,5,32,0,1,-1,0,3.1,3.1,14
Willie Snead,BAL,1,5,3,29,0,0,0,0,2.9,2.9,14
Zach Pascal,IND,1,2,1,27,0,0,0,0,2.7,2.7,14
Cordarrelle Patterson,CHI,1,1,0,0,0,6,26,0,2.6,2.6,14
Breshad Perriman,NYJ,1,6,3,26,0,0,0,0,2.6,2.6,14
Chris Godwin,TB,1,3,2,25,0,0,0,0,2.5,2.5,14
Terry McLaurin,WAS,1,6,2,24,0,0,0,0,2.4,2.4,14
Michael Gallup,DAL,1,6,2,23,0,0,0,0,2.3,2.3,14
Penny Hart,SEA,1,1,1,3,0,1,19,0,2.2,2.2,14
Mecole Hardman,KC,1,3,3,40,0,0,0,0,2.0,2.0,14
Greg Ward,PHI,1,5,2,20,0,0,0,0,2.0,2.0,14
Allen Lazard,GB,1,3,2,19,0,0,0,0,1.9,1.9,14
Hunter Renfrow,LV,1,7,5,38,0,0,0,0,1.8,1.8,14
Henry Ruggs III,LV,1,3,3,18,0,0,0,0,1.8,1.8,14
Quintez Cephus,DET,1,2,2,16,0,0,0,0,1.6,1.6,14
D.J. Chark,JAC,1,9,2,16,0,0,0,0,1.6,1.6,14
Anthony Miller,CHI,1,2,2,16,0,0,0,0,1.6,1.6,14
Jaleel Scott,NYJ,1,1,1,16,0,0,0,0,1.6,1.6,14
Jamal Agnew,DET,1,1,1,4,0,1,11,0,1.5,1.5,14
Miles Boykin,BAL,1,1,1,15,0,0,0,0,1.5,1.5,14
Chase Claypool,PIT,1,6,3,15,0,0,0,0,1.5,1.5,14
Equanimeous St. Brown,GB,1,1,1,15,0,0,0,0,1.5,1.5,14
Corey Davis,TEN,1,3,3,34,0,0,0,0,1.4,1.4,14
Christian Kirk,ARI,1,4,3,14,0,0,0,0,1.4,1.4,14
Jeff Smith,NYJ,1,2,1,14,0,0,0,0,1.4,1.4,14
DaeSean Hamilton,DEN,1,1,1,13,0,0,0,0,1.3,1.3,14
Demarcus Robinson,KC,1,1,1,13,0,0,0,0,1.3,1.3,14
Cam Sims,WAS,1,2,1,8,0,1,5,0,1.3,1.3,14
Isaiah McKenzie,BUF,1,1,1,12,0,0,0,0,1.2,1.2,14
Larry Fitzgerald,ARI,1,3,2,10,0,0,0,0,1.0,1.0,14
KeeSean Johnson,ARI,1,2,1,9,0,0,0,0,0.9,0.9,14
Brandon Powell,ATL,1,1,1,9,0,0,0,0,0.9,0.9,14
Deebo Samuel,SF,1,0,0,0,0,1,9,0,0.9,0.9,14
Isaiah Wright,WAS,1,1,1,9,0,0,0,0,0.9,0.9,14
Tavon Austin,GB,1,2,2,8,0,0,0,0,0.8,0.8,14
Jalen Guyton,LAC,1,3,1,8,0,0,0,0,0.8,0.8,14
Jamison Crowder,NYJ,1,5,2,7,0,0,0,0,0.7,0.7,14
Josh Reynolds,LAR,1,2,1,6,0,0,0,0,0.6,0.6,14
Malcolm Perry,MIA,1,2,1,5,0,0,0,0,0.5,0.5,14
Steven Sims,WAS,1,3,1,5,0,0,0,0,0.5,0.5,14
K.J. Hill,LAC,1,1,1,4,0,0,0,0,0.4,0.4,14
Quez Watkins,PHI,1,1,1,3,0,0,0,0,0.3,0.3,14
Brandon Zylstra,CAR,1,2,1,3,0,0,0,0,0.3,0.3,14
Javon Wims,CHI,1,0,0,0,0,1,2,0,0.2,0.2,14
Chad Beebe,MIN,1,3,0,0,0,0,0,0,0.0,0.0,14
Antonio Callaway,MIA,1,2,0,0,0,0,0,0,0.0,0.0,14
Robert Foster,WAS,1,2,0,0,0,0,0,0,0.0,0.0,14
Marcus Johnson,IND,1,1,0,0,0,0,0,0,0.0,0.0,14
Zay Jones,LV,1,0,0,0,0,0,0,0,0.0,0.0,14
DeVante Parker,MIA,1,2,0,0,0,0,0,0,0.0,0.0,14
Kalif Raymond,TEN,1,1,0,0,0,0,0,0,0.0,0.0,14
Tajae Sharpe,MIN,1,1,0,0,0,0,0,0,0.0,0.0,14
Mike Thomas,CIN,1,1,0,0,0,0,0,0,0.0,0.0,14
Nick Westbrook-Ikhine,TEN,1,1,0,0,0,0,0,0,0.0,0.0,14
Alex Erickson,CIN,1,1,1,9,0,1,0,0,-1.1,-1.1,14
Calvin Ridley,ATL,1,14,10,163,1,0,0,0,22.3,22.3,15
DeAndre Hopkins,ARI,1,11,9,169,1,1,1,0,21.0,21.0,15
Zach Pascal,IND,1,6,5,79,2,0,0,0,19.9,19.9,15
Marvin Jones,DET,1,12,10,112,1,0,0,0,17.2,17.2,15
Corey Davis,TEN,1,6,4,110,1,0,0,0,17.0,17.0,15
Robert Woods,LAR,1,8,6,56,1,1,40,0,15.6,15.6,15
Antonio Brown,TB,1,7,5,93,1,0,0,0,15.3,15.3,15
Stefon Diggs,BUF,1,13,11,147,0,0,0,0,14.7,14.7,15
Kendrick Bourne,SF,1,4,4,86,1,0,0,0,14.6,14.6,15
Greg Ward,PHI,1,5,4,15,2,0,0,0,13.5,13.5,15
Brandon Aiyuk,SF,1,13,9,73,1,0,0,0,13.3,13.3,15
D.J. Moore,CAR,1,8,6,131,0,1,1,0,13.2,13.2,15
Russell Gage,ATL,1,10,5,68,1,0,0,0,12.8,12.8,15
Darnell Mooney,CHI,1,5,4,49,1,1,16,0,12.5,12.5,15
Tyron Johnson,LAC,1,5,3,61,1,0,0,0,12.1,12.1,15
Jarvis Landry,CLE,1,8,7,61,1,0,0,0,12.1,12.1,15
Diontae Johnson,PIT,1,13,8,59,1,0,0,0,11.9,11.9,15
Chad Hansen,HOU,1,3,2,55,1,0,0,0,11.5,11.5,15
Tyreek Hill,KC,1,10,6,53,1,1,1,0,11.4,11.4,15
Cole Beasley,BUF,1,10,8,112,0,0,0,0,11.2,11.2,15
Mike Evans,TB,1,7,6,110,0,0,0,0,11.0,11.0,15
A.J. Brown,TEN,1,6,5,44,1,0,0,0,10.4,10.4,15
Justin Jefferson,MIN,1,11,8,104,0,0,0,0,10.4,10.4,15
Quez Watkins,PHI,1,4,3,40,1,0,0,0,10.0,10.0,15
Marquise Brown,BAL,1,7,6,98,0,0,0,0,9.8,9.8,15
Chris Godwin,TB,1,5,4,36,1,0,0,0,9.6,9.6,15
Larry Fitzgerald,ARI,1,4,3,35,1,0,0,0,9.5,9.5,15
Jalen Guyton,LAC,1,6,4,91,0,1,4,0,9.5,9.5,15
Keke Coutee,HOU,1,7,5,53,1,0,0,0,9.3,9.3,15
Jakobi Meyers,NE,1,10,7,111,0,0,0,0,9.1,9.1,15
Lil'Jordan Humphrey,NO,1,4,2,29,1,0,0,0,8.9,8.9,15
Michael Gallup,DAL,1,5,3,26,1,0,0,0,8.6,8.6,15
CeeDee Lamb,DAL,1,7,5,85,0,0,0,0,8.5,8.5,15
Allen Robinson,CHI,1,5,4,83,0,0,0,0,8.3,8.3,15
Jake Kumerow,BUF,1,1,1,22,1,0,0,0,8.2,8.2,15
Mecole Hardman,KC,1,9,3,22,1,1,-5,0,7.7,7.7,15
Terry McLaurin,WAS,1,12,7,77,0,0,0,0,7.7,7.7,15
Rashard Higgins,CLE,1,5,4,76,0,0,0,0,7.6,7.6,15
Emmanuel Sanders,NO,1,5,4,76,0,0,0,0,7.6,7.6,15
Darius Slayton,NYG,1,9,4,74,0,0,0,0,7.4,7.4,15
Chris Conley,JAC,1,3,1,13,1,0,0,0,7.3,7.3,15
Dez Bryant,BAL,1,3,1,11,1,0,0,0,7.1,7.1,15
T.Y. Hilton,IND,1,6,4,71,0,0,0,0,7.1,7.1,15
Adam Thielen,MIN,1,3,2,11,1,0,0,0,7.1,7.1,15
Jamison Crowder,NYJ,1,8,6,66,0,0,0,0,6.6,6.6,15
Miles Boykin,BAL,1,2,1,4,1,0,0,0,6.4,6.4,15
Alshon Jeffery,PHI,1,3,2,63,0,0,0,0,6.3,6.3,15
Sammy Watkins,KC,1,6,4,60,0,0,0,0,6.0,6.0,15
Brandin Cooks,HOU,1,7,6,59,0,0,0,0,5.9,5.9,15
Allen Lazard,GB,1,6,5,56,0,0,0,0,5.6,5.6,15
Donovan Peoples-Jones,CLE,1,3,3,55,0,0,0,0,5.5,5.5,15
D.J. Chark,JAC,1,5,4,53,0,0,0,0,5.3,5.3,15
Nelson Agholor,LV,1,8,4,49,0,0,0,0,4.9,4.9,15
Chase Claypool,PIT,1,8,3,54,0,1,-6,0,4.8,4.8,15
Curtis Samuel,CAR,1,9,4,42,0,2,6,0,4.8,4.8,15
Sterling Shepard,NYG,1,7,4,51,0,1,-3,0,4.8,4.8,15
Lynn Bowden Jr,MIA,1,7,6,37,0,1,9,0,4.6,4.6,15
Laviska Shenault,JAC,1,6,5,43,0,2,1,0,4.4,4.4,15
DK Metcalf,SEA,1,6,5,43,0,0,0,0,4.3,4.3,15
Davante Adams,GB,1,10,7,42,0,0,0,0,4.2,4.2,15
A.J. Green,CIN,1,3,2,40,0,0,0,0,4.0,4.0,15
K.J. Hill,LAC,1,3,3,39,0,0,0,0,3.9,3.9,15
Cooper Kupp,LAR,1,5,5,39,0,0,0,0,3.9,3.9,15
Jalen Reagor,PHI,1,8,5,49,0,1,-10,0,3.9,3.9,15
KeeSean Johnson,ARI,1,3,2,38,0,0,0,0,3.8,3.8,15
Mohamed Sanu,DET,1,5,4,38,0,0,0,0,3.8,3.8,15
Quintez Cephus,DET,1,3,1,36,0,0,0,0,3.6,3.6,15
Richie James,SF,1,7,4,56,0,0,0,0,3.6,3.6,15
Tyler Lockett,SEA,1,7,4,34,0,0,0,0,3.4,3.4,15
Christian Kirk,ARI,1,4,3,33,0,0,0,0,3.3,3.3,15
Tee Higgins,CIN,1,6,3,31,0,0,0,0,3.1,3.1,15
Travis Fulgham,PHI,1,2,2,30,0,0,0,0,3.0,3.0,15
Demarcus Robinson,KC,1,3,2,27,0,0,0,0,2.7,2.7,15
Cam Sims,WAS,1,8,5,26,0,0,0,0,2.6,2.6,15
Tre'Quan Smith,NO,1,2,1,25,0,0,0,0,2.5,2.5,15
Damiere Byrd,NE,1,4,3,24,0,0,0,0,2.4,2.4,15
Keelan Cole,JAC,1,2,2,22,0,0,0,0,2.2,2.2,15
Mike Williams,LAC,1,2,2,22,0,0,0,0,2.2,2.2,15
Chad Beebe,MIN,1,2,2,21,0,0,0,0,2.1,2.1,15
Breshad Perriman,NYJ,1,1,1,21,0,0,0,0,2.1,2.1,15
Jamal Agnew,DET,1,1,1,13,0,1,7,0,2.0,2.0,15
Danny Amendola,DET,1,4,3,20,0,0,0,0,2.0,2.0,15
Robby Anderson,CAR,1,5,2,21,0,1,-1,0,2.0,2.0,15
Scotty Miller,TB,1,3,3,20,0,0,0,0,2.0,2.0,15
Jerry Jeudy,DEN,1,5,1,19,0,0,0,0,1.9,1.9,15
Michael Pittman Jr,IND,1,3,2,19,0,0,0,0,1.9,1.9,15
Gabriel Davis,BUF,1,5,2,18,0,0,0,0,1.8,1.8,15
Isaiah Ford,MIA,1,3,3,18,0,0,0,0,1.8,1.8,15
Mack Hollins,MIA,1,3,2,18,0,0,0,0,1.8,1.8,15
Denzel Mims,NYJ,1,4,3,18,0,0,0,0,1.8,1.8,15
Noah Brown,DAL,1,6,1,13,0,1,4,0,1.7,1.7,15
Keenan Allen,LAC,1,3,1,17,0,1,-1,0,1.6,1.6,15
David Moore,SEA,1,4,2,10,0,1,5,0,1.5,1.5,15
Isaiah Wright,WAS,1,2,2,15,0,0,0,0,1.5,1.5,15
Tim Patrick,DEN,1,4,3,14,0,0,0,0,1.4,1.4,15
Laquon Treadwell,ATL,1,1,1,14,0,0,0,0,1.4,1.4,15
Anthony Miller,CHI,1,1,1,13,0,0,0,0,1.3,1.3,15
Golden Tate,NYG,1,3,2,13,0,0,0,0,1.3,1.3,15
N'Keal Harry,NE,1,2,1,12,0,0,0,0,1.2,1.2,15
River Cracraft,SF,1,2,2,11,0,0,0,0,1.1,1.1,15
Steven Sims,WAS,1,2,1,11,0,0,0,0,1.1,1.1,15
Braxton Berrios,NYJ,1,3,2,9,0,0,0,0,0.9,0.9,15
Robert Foster,WAS,1,2,1,9,0,0,0,0,0.9,0.9,15
Zay Jones,LV,1,2,1,9,0,0,0,0,0.9,0.9,15
Josh Reynolds,LAR,1,2,2,9,0,0,0,0,0.9,0.9,15
Collin Johnson,JAC,1,1,1,8,0,0,0,0,0.8,0.8,15
Isaiah McKenzie,BUF,1,1,1,8,0,0,0,0,0.8,0.8,15
Cordarrelle Patterson,CHI,1,1,1,4,0,1,3,0,0.7,0.7,15
Brandon Powell,ATL,1,4,2,5,0,0,0,0,0.5,0.5,15
KJ Hamler,DEN,1,4,1,4,0,0,0,0,0.4,0.4,15
Malcolm Perry,MIA,1,0,0,0,0,1,4,0,0.4,0.4,15
Hunter Renfrow,LV,1,2,1,4,0,0,0,0,0.4,0.4,15
Amari Cooper,DAL,1,3,2,10,0,2,-7,0,0.3,0.3,15
Freddie Swain,SEA,1,1,1,3,0,0,0,0,0.3,0.3,15
Brandon Zylstra,CAR,1,0,0,0,0,1,1,0,0.1,0.1,15
Cameron Batson,TEN,1,1,0,0,0,0,0,0,0.0,0.0,15
Tyler Boyd,CIN,1,1,0,0,0,0,0,0,0.0,0.0,15
Pharoh Cooper,CAR,1,1,0,0,0,0,0,0,0.0,0.0,15
Alex Erickson,CIN,1,1,0,0,0,0,0,0,0.0,0.0,15
Van Jefferson,LAR,1,1,0,0,0,0,0,0,0.0,0.0,15
Tyler Johnson,TB,1,1,0,0,0,0,0,0,0.0,0.0,15
Tommylee Lewis,NO,1,1,0,0,0,0,0,0,0.0,0.0,15
Willie Snead,BAL,1,1,0,0,0,0,0,0,0.0,0.0,15
Marquez Valdes-Scantling,GB,1,1,0,0,0,0,0,0,0.0,0.0,15
James Washington,PIT,1,3,0,0,0,0,0,0,0.0,0.0,15
Cedrick Wilson,DAL,1,0,0,0,0,0,0,0,0.0,0.0,15
Javon Wims,CHI,1,1,0,0,0,0,0,0,0.0,0.0,15
Christian Blake,ATL,1,1,1,-1,0,0,0,0,-0.1,-0.1,15
Ray-Ray McCloud,PIT,1,1,1,-2,0,0,0,0,-0.2,-0.2,15
JuJu Smith-Schuster,PIT,1,6,3,15,0,0,0,0,-0.5,-0.5,15
Andre Roberts,BUF,1,0,0,0,0,0,0,0,-2.0,-2.0,15
Stefon Diggs,BUF,1,11,9,145,3,0,0,0,32.5,32.5,16
Davante Adams,GB,1,12,11,142,3,0,0,0,32.2,32.2,16
Mike Evans,TB,1,12,10,181,2,0,0,0,30.1,30.1,16
Michael Gallup,DAL,1,8,6,121,2,0,0,0,24.1,24.1,16
Nelson Agholor,LV,1,6,5,155,1,0,0,0,21.5,21.5,16
CeeDee Lamb,DAL,1,5,3,65,1,1,19,1,20.4,20.4,16
Brandin Cooks,HOU,1,10,7,141,1,0,0,0,20.1,20.1,16
Jamison Crowder,NYJ,1,9,7,92,1,1,14,0,16.6,16.6,16
Tee Higgins,CIN,1,9,6,99,1,0,0,0,15.9,15.9,16
Curtis Samuel,CAR,1,5,5,106,0,7,52,0,15.8,15.8,16
Adam Thielen,MIN,1,9,8,97,1,0,0,0,15.7,15.7,16
JuJu Smith-Schuster,PIT,1,13,9,96,1,0,0,0,15.6,15.6,16
Chris Godwin,TB,1,9,5,84,1,0,0,0,14.4,14.4,16
DeSean Jackson,PHI,1,1,1,81,1,0,0,0,14.1,14.1,16
Diontae Johnson,PIT,1,14,8,75,1,1,2,0,13.7,13.7,16
Sterling Shepard,NYG,1,12,9,77,1,0,0,0,13.7,13.7,16
Zach Pascal,IND,1,6,3,64,1,0,0,0,12.4,12.4,16
Calvin Ridley,ATL,1,9,5,130,0,1,-7,0,12.3,12.3,16
D.J. Chark,JAC,1,7,4,62,1,0,0,0,12.2,12.2,16
Amari Cooper,DAL,1,6,4,121,0,0,0,0,12.1,12.1,16
Braxton Berrios,NYJ,1,3,3,60,1,0,0,0,12.0,12.0,16
Laviska Shenault,JAC,1,7,5,48,1,0,0,0,10.8,10.8,16
Allen Robinson,CHI,1,13,10,103,0,0,0,0,10.3,10.3,16
Robby Anderson,CAR,1,10,7,39,1,0,0,0,9.9,9.9,16
Antonio Brown,TB,1,6,4,35,1,0,0,0,9.5,9.5,16
Emmanuel Sanders,NO,1,5,4,83,0,1,12,0,9.5,9.5,16
Demarcus Robinson,KC,1,2,2,29,1,0,0,0,8.9,8.9,16
Alex Erickson,CIN,1,6,6,88,0,0,0,0,8.8,8.8,16
Marquise Brown,BAL,1,4,4,25,1,0,0,0,8.5,8.5,16
Justin Jefferson,MIN,1,10,6,85,0,0,0,0,8.5,8.5,16
Equanimeous St. Brown,GB,1,1,1,21,1,0,0,0,8.1,8.1,16
DaeSean Hamilton,DEN,1,9,5,77,0,0,0,0,7.7,7.7,16
Christian Kirk,ARI,1,10,7,76,0,0,0,0,7.6,7.6,16
Laquon Treadwell,ATL,1,2,2,11,1,0,0,0,7.1,7.1,16
Josh Reynolds,LAR,1,10,6,65,0,1,5,0,7.0,7.0,16
Dez Bryant,BAL,1,1,1,8,1,0,0,0,6.8,6.8,16
Cooper Kupp,LAR,1,9,8,66,0,0,0,0,6.6,6.6,16
Tyreek Hill,KC,1,6,4,65,0,0,0,0,6.5,6.5,16
A.J. Green,CIN,1,7,4,64,0,0,0,0,6.4,6.4,16
Cam Sims,WAS,1,9,3,63,0,0,0,0,6.3,6.3,16
Jerry Jeudy,DEN,1,15,6,61,0,0,0,0,6.1,6.1,16
Ja'Marcus Bradley,CLE,1,11,5,60,0,0,0,0,6.0,6.0,16
T.Y. Hilton,IND,1,7,3,60,0,0,0,0,6.0,6.0,16
DK Metcalf,SEA,1,8,6,59,0,0,0,0,5.9,5.9,16
Quez Watkins,PHI,1,3,2,57,0,0,0,0,5.7,5.7,16
Chase Claypool,PIT,1,6,4,54,0,0,0,0,5.4,5.4,16
Keke Coutee,HOU,1,5,5,54,0,0,0,0,5.4,5.4,16
Mike Williams,LAC,1,10,4,54,0,0,0,0,5.4,5.4,16
KeeSean Johnson,ARI,1,3,2,50,0,0,0,0,5.0,5.0,16
Robert Woods,LAR,1,9,4,48,0,2,1,0,4.9,4.9,16
DeAndre Hopkins,ARI,1,12,8,48,0,0,0,0,4.8,4.8,16
Jakobi Meyers,NE,1,6,4,45,0,0,0,0,4.5,4.5,16
David Moore,SEA,1,1,1,45,0,0,0,0,4.5,4.5,16
Mecole Hardman,KC,1,6,3,24,0,1,20,0,4.4,4.4,16
Tyler Lockett,SEA,1,5,3,44,0,0,0,0,4.4,4.4,16
A.J. Brown,TEN,1,8,4,43,0,0,0,0,4.3,4.3,16
Jakeem Grant,MIA,1,6,5,43,0,0,0,0,4.3,4.3,16
Jalen Guyton,LAC,1,5,3,43,0,0,0,0,4.3,4.3,16
Mack Hollins,MIA,1,4,2,42,0,0,0,0,4.2,4.2,16
Darnell Mooney,CHI,1,7,4,39,0,1,2,0,4.1,4.1,16
Tim Patrick,DEN,1,4,3,39,0,0,0,0,3.9,3.9,16
Michael Pittman Jr,IND,1,5,3,38,0,0,0,0,3.8,3.8,16
Danny Amendola,DET,1,7,5,37,0,0,0,0,3.7,3.7,16
Isaiah Ford,MIA,1,5,4,37,0,0,0,0,3.7,3.7,16
D.J. Moore,CAR,1,10,5,37,0,0,0,0,3.7,3.7,16
Tyler Johnson,TB,1,1,1,35,0,0,0,0,3.5,3.5,16
Hunter Renfrow,LV,1,5,5,34,0,0,0,0,3.4,3.4,16
Gabriel Davis,BUF,1,5,3,33,0,0,0,0,3.3,3.3,16
Dante Pettis,NYG,1,3,2,33,0,0,0,0,3.3,3.3,16
Steven Sims,WAS,1,6,4,52,0,0,0,0,3.2,3.2,16
Brandon Aiyuk,SF,1,2,1,15,0,1,16,0,3.1,3.1,16
Isaiah McKenzie,BUF,1,4,4,26,0,2,5,0,3.1,3.1,16
Jalen Reagor,PHI,1,7,3,30,0,0,0,0,3.0,3.0,16
Larry Fitzgerald,ARI,1,8,6,28,0,0,0,0,2.8,2.8,16
Robert Foster,WAS,1,2,1,28,0,0,0,0,2.8,2.8,16
Chris Conley,JAC,1,3,3,27,0,0,0,0,2.7,2.7,16
Travis Fulgham,PHI,1,3,2,27,0,0,0,0,2.7,2.7,16
Greg Ward,PHI,1,3,2,27,0,0,0,0,2.7,2.7,16
Marquez Callaway,NO,1,4,3,26,0,0,0,0,2.6,2.6,16
Keelan Cole,JAC,1,4,3,26,0,0,0,0,2.6,2.6,16
Tyron Johnson,LAC,1,3,3,26,0,0,0,0,2.6,2.6,16
Darius Slayton,NYG,1,8,2,26,0,0,0,0,2.6,2.6,16
Willie Snead,BAL,1,2,2,24,0,0,0,0,2.4,2.4,16
Russell Gage,ATL,1,5,4,23,0,0,0,0,2.3,2.3,16
Alshon Jeffery,PHI,1,1,1,22,0,0,0,0,2.2,2.2,16
Mohamed Sanu,DET,1,4,2,22,0,0,0,0,2.2,2.2,16
James Washington,PIT,1,3,2,20,0,0,0,0,2.0,2.0,16
Marvin Jones,DET,1,3,3,19,0,0,0,0,1.9,1.9,16
Diontae Spencer,DEN,1,2,1,10,0,1,9,0,1.9,1.9,16
Nick Westbrook-Ikhine,TEN,1,1,1,19,0,0,0,0,1.9,1.9,16
Cole Beasley,BUF,1,5,3,17,0,0,0,0,1.7,1.7,16
C.J. Board,NYG,1,2,1,16,0,0,0,0,1.6,1.6,16
Kendrick Bourne,SF,1,1,1,16,0,0,0,0,1.6,1.6,16
Lynn Bowden Jr,MIA,1,3,2,8,0,1,8,0,1.6,1.6,16
Allen Lazard,GB,1,2,2,14,0,0,0,0,1.4,1.4,16
Sammy Watkins,KC,1,4,2,14,0,0,0,0,1.4,1.4,16
Miles Boykin,BAL,1,2,1,13,0,0,0,0,1.3,1.3,16
Olabisi Johnson,MIN,1,1,1,13,0,0,0,0,1.3,1.3,16
Cameron Batson,TEN,1,1,1,12,0,0,0,0,1.2,1.2,16
Marvin Hall,CLE,1,2,1,12,0,0,0,0,1.2,1.2,16
Andre Roberts,BUF,1,2,2,12,0,0,0,0,1.2,1.2,16
Bryan Edwards,LV,1,1,1,11,0,0,0,0,1.1,1.1,16
Anthony Miller,CHI,1,3,2,10,0,0,0,0,1.0,1.0,16
Quintez Cephus,DET,1,2,1,9,0,0,0,0,0.9,0.9,16
Ashton Dulin,IND,1,0,0,0,0,1,8,0,0.8,0.8,16
Chad Hansen,HOU,1,3,1,8,0,0,0,0,0.8,0.8,16
Damiere Byrd,NE,1,3,1,7,0,0,0,0,0.7,0.7,16
Devin Duvernay,BAL,1,1,1,0,0,1,7,0,0.7,0.7,16
Scotty Miller,TB,1,2,1,7,0,0,0,0,0.7,0.7,16
Henry Ruggs III,LV,1,2,0,0,0,1,7,0,0.7,0.7,16
Breshad Perriman,NYJ,1,6,0,0,0,1,6,0,0.6,0.6,16
Tavon Austin,GB,1,2,2,5,0,0,0,0,0.5,0.5,16
Trenton Irwin,CIN,1,2,1,5,0,0,0,0,0.5,0.5,16
KJ Hamler,DEN,1,0,0,0,0,1,3,0,0.3,0.3,16
N'Keal Harry,NE,1,4,1,3,0,0,0,0,0.3,0.3,16
Steven Mitchell,HOU,1,2,1,2,0,0,0,0,0.2,0.2,16
Brandon Powell,ATL,1,2,1,2,0,0,0,0,0.2,0.2,16
Austin Carr,NO,1,1,0,0,0,0,0,0,0.0,0.0,16
Pharoh Cooper,CAR,1,1,0,0,0,0,0,0,0.0,0.0,16
Corey Davis,TEN,1,2,0,0,0,0,0,0,0.0,0.0,16
Antonio Gandy-Golden,WAS,1,3,0,0,0,0,0,0,0.0,0.0,16
Richie James,SF,1,1,0,0,0,0,0,0,0.0,0.0,16
Van Jefferson,LAR,1,1,0,0,0,0,0,0,0.0,0.0,16
Austin Mack,NYG,1,3,0,0,0,0,0,0,0.0,0.0,16
Denzel Mims,NYJ,1,2,0,0,0,0,0,0,0.0,0.0,16
Kalif Raymond,TEN,1,1,0,0,0,0,0,0,0.0,0.0,16
Mike Thomas,CIN,1,1,0,0,0,0,0,0,0.0,0.0,16
Isaiah Wright,WAS,1,1,0,0,0,0,0,0,0.0,0.0,16
Marvin Jones,DET,1,11,8,180,2,0,0,0,30.0,30.0,17
Brandin Cooks,HOU,1,16,11,166,2,0,0,0,28.6,28.6,17
Antonio Brown,TB,1,14,11,138,2,0,0,0,25.8,25.8,17
Sterling Shepard,NYG,1,10,8,112,1,2,24,1,25.6,25.6,17
Chris Godwin,TB,1,7,5,133,2,0,0,0,25.3,25.3,17
A.J. Brown,TEN,1,11,10,151,1,0,0,0,21.1,21.1,17
Tyler Lockett,SEA,1,14,12,90,2,0,0,0,21.0,21.0,17
Jerry Jeudy,DEN,1,7,5,140,1,0,0,0,20.0,20.0,17
Laviska Shenault,JAC,1,9,6,68,2,1,-2,0,18.6,18.6,17
Isaiah McKenzie,BUF,1,9,6,65,2,2,0,0,18.5,18.5,17
Mike Williams,LAC,1,7,6,108,1,0,0,0,16.8,16.8,17
Gabriel Davis,BUF,1,5,2,107,1,0,0,0,16.7,16.7,17
Russell Gage,ATL,1,11,9,91,1,1,11,0,16.2,16.2,17
Marquise Brown,BAL,1,8,5,41,2,0,0,0,16.1,16.1,17
Chase Claypool,PIT,1,11,5,101,1,0,0,0,16.1,16.1,17
Marquez Valdes-Scantling,GB,1,3,2,87,1,1,4,0,15.1,15.1,17
Justin Jefferson,MIN,1,12,9,133,0,0,0,0,13.3,13.3,17
John Brown,BUF,1,4,4,72,1,0,0,0,13.2,13.2,17
JuJu Smith-Schuster,PIT,1,8,6,65,1,0,0,0,12.5,12.5,17
Emmanuel Sanders,NO,1,13,9,63,1,0,0,0,12.3,12.3,17
Curtis Samuel,CAR,1,11,7,118,0,3,3,0,12.1,12.1,17
DeVante Parker,MIA,1,14,7,116,0,0,0,0,11.6,11.6,17
Jarvis Landry,CLE,1,6,5,51,0,1,3,1,11.4,11.4,17
Byron Pringle,KC,1,6,4,52,1,0,0,0,11.2,11.2,17
Quintez Cephus,DET,1,3,2,51,1,0,0,0,11.1,11.1,17
Bryan Edwards,LV,1,2,2,51,1,0,0,0,11.1,11.1,17
Davante Adams,GB,1,6,6,46,1,0,0,0,10.6,10.6,17
Chad Beebe,MIN,1,3,2,44,1,0,0,0,10.4,10.4,17
Miles Boykin,BAL,1,2,1,43,1,0,0,0,10.3,10.3,17
Dante Pettis,NYG,1,2,2,43,1,0,0,0,10.3,10.3,17
D.J. Moore,CAR,1,11,5,101,0,0,0,0,10.1,10.1,17
Terry McLaurin,WAS,1,8,7,40,1,0,0,0,10.0,10.0,17
Diontae Johnson,PIT,1,4,3,96,0,0,0,0,9.6,9.6,17
Darnell Mooney,CHI,1,13,11,93,0,0,0,0,9.3,9.3,17
Keke Coutee,HOU,1,7,6,90,0,0,0,0,9.0,9.0,17
Chris Conley,JAC,1,9,7,87,0,0,0,0,8.7,8.7,17
T.Y. Hilton,IND,1,7,3,27,1,0,0,0,8.7,8.7,17
Malcolm Perry,MIA,1,1,1,25,1,0,0,0,8.5,8.5,17
Breshad Perriman,NYJ,1,6,3,84,0,0,0,0,8.4,8.4,17
Kendrick Bourne,SF,1,6,5,76,0,0,0,0,7.6,7.6,17
Stefon Diggs,BUF,1,8,7,76,0,0,0,0,7.6,7.6,17
Jakobi Meyers,NE,1,7,6,68,0,1,7,0,7.5,7.5,17
Austin Carr,NO,1,1,1,11,1,0,0,0,7.1,7.1,17
Richie James,SF,1,5,3,66,0,0,0,0,6.6,6.6,17
Demarcus Robinson,KC,1,7,6,58,0,0,0,0,5.8,5.8,17
Nelson Agholor,LV,1,4,1,57,0,0,0,0,5.7,5.7,17
Adam Thielen,MIN,1,5,4,57,0,0,0,0,5.7,5.7,17
Rashard Higgins,CLE,1,3,2,55,0,0,0,0,5.5,5.5,17
Marquez Callaway,NO,1,4,3,51,0,0,0,0,5.1,5.1,17
Van Jefferson,LAR,1,8,4,50,0,0,0,0,5.0,5.0,17
Michael Gallup,DAL,1,8,4,49,0,0,0,0,4.9,4.9,17
Mike Evans,TB,1,4,3,46,0,0,0,0,4.6,4.6,17
CeeDee Lamb,DAL,1,7,5,43,0,1,3,0,4.6,4.6,17
Tim Patrick,DEN,1,4,2,46,0,0,0,0,4.6,4.6,17
Tyrie Cleveland,DEN,1,5,4,45,0,0,0,0,4.5,4.5,17
Trent Sherfield,ARI,1,6,4,44,0,0,0,0,4.4,4.4,17
Cam Sims,WAS,1,5,5,43,0,0,0,0,4.3,4.3,17
Amari Cooper,DAL,1,9,6,41,0,0,0,0,4.1,4.1,17
Zach Pascal,IND,1,4,2,41,0,0,0,0,4.1,4.1,17
Robby Anderson,CAR,1,7,3,40,0,0,0,0,4.0,4.0,17
JJ Arcega-Whiteside,PHI,1,3,2,40,0,0,0,0,4.0,4.0,17
Corey Davis,TEN,1,11,5,39,0,0,0,0,3.9,3.9,17
Lynn Bowden Jr,MIA,1,12,8,44,0,1,-7,0,3.7,3.7,17
Isaiah Ford,MIA,1,7,3,37,0,0,0,0,3.7,3.7,17
Zay Jones,LV,1,2,1,37,0,0,0,0,3.7,3.7,17
Allen Robinson,CHI,1,5,2,37,0,0,0,0,3.7,3.7,17
Braxton Berrios,NYJ,1,3,3,20,0,2,16,0,3.6,3.6,17
Robert Woods,LAR,1,7,4,36,0,0,0,0,3.6,3.6,17
Terry Godwin,JAC,1,4,3,32,0,1,3,0,3.5,3.5,17
DeAndre Hopkins,ARI,1,10,4,35,0,0,0,0,3.5,3.5,17
Tyron Johnson,LAC,1,2,2,35,0,0,0,0,3.5,3.5,17
Jamison Crowder,NYJ,1,4,4,31,0,0,0,0,3.1,3.1,17
Michael Pittman Jr,IND,1,2,2,28,0,1,2,0,3.0,3.0,17
Josh Reynolds,LAR,1,6,4,29,0,0,0,0,2.9,2.9,17
Calvin Ridley,ATL,1,12,8,52,0,1,-6,0,2.6,2.6,17
KhaDarel Hodge,CLE,1,2,2,25,0,0,0,0,2.5,2.5,17
Hunter Renfrow,LV,1,7,3,24,0,0,0,0,2.4,2.4,17
Steven Sims,WAS,1,1,1,6,0,1,18,0,2.4,2.4,17
Keelan Cole,JAC,1,7,3,23,0,0,0,0,2.3,2.3,17
Devin Duvernay,BAL,1,1,0,0,0,1,22,0,2.2,2.2,17
Darius Slayton,NYG,1,4,2,22,0,0,0,0,2.2,2.2,17
DK Metcalf,SEA,1,9,3,21,0,0,0,0,2.1,2.1,17
Steven Mitchell,HOU,1,1,1,20,0,0,0,0,2.0,2.0,17
DaeSean Hamilton,DEN,1,6,2,18,0,0,0,0,1.8,1.8,17
Cordarrelle Patterson,CHI,1,0,0,0,0,4,18,0,1.8,1.8,17
Henry Ruggs III,LV,1,3,3,38,0,1,0,0,1.8,1.8,17
River Cracraft,SF,1,2,2,17,0,0,0,0,1.7,1.7,17
N'Keal Harry,NE,1,2,2,17,0,0,0,0,1.7,1.7,17
Lil'Jordan Humphrey,NO,1,1,1,17,0,0,0,0,1.7,1.7,17
Allen Lazard,GB,1,4,2,17,0,0,0,0,1.7,1.7,17
Chad Hansen,HOU,1,4,2,16,0,0,0,0,1.6,1.6,17
Tyler Johnson,TB,1,2,1,16,0,0,0,0,1.6,1.6,17
Mohamed Sanu,DET,1,6,2,13,0,1,3,0,1.6,1.6,17
Travis Fulgham,PHI,1,2,1,15,0,0,0,0,1.5,1.5,17
Denzel Mims,NYJ,1,2,1,15,0,0,0,0,1.5,1.5,17
Jalen Reagor,PHI,1,1,1,15,0,0,0,0,1.5,1.5,17
Laquon Treadwell,ATL,1,3,2,15,0,0,0,0,1.5,1.5,17
Gunner Olszewski,NE,1,2,2,14,0,0,0,0,1.4,1.4,17
KeeSean Johnson,ARI,1,2,2,13,0,0,0,0,1.3,1.3,17
Anthony Miller,CHI,1,2,2,13,0,0,0,0,1.3,1.3,17
Tyler Boyd,CIN,1,3,1,1,0,1,11,0,1.2,1.2,17
Scotty Miller,TB,1,3,1,12,0,0,0,0,1.2,1.2,17
Damiere Byrd,NE,1,3,1,7,0,1,4,0,1.1,1.1,17
Donovan Peoples-Jones,CLE,1,3,1,11,0,0,0,0,1.1,1.1,17
Gehrig Dieter,KC,1,2,1,10,0,0,0,0,1.0,1.0,17
Alex Erickson,CIN,1,3,1,8,0,1,2,0,1.0,1.0,17
Diontae Spencer,DEN,1,2,1,9,0,1,1,0,1.0,1.0,17
Pharoh Cooper,CAR,1,2,1,9,0,0,0,0,0.9,0.9,17
Austin Mack,NYG,1,1,1,9,0,0,0,0,0.9,0.9,17
Danny Amendola,DET,1,2,1,6,0,0,0,0,0.6,0.6,17
Greg Ward,PHI,1,3,1,6,0,0,0,0,0.6,0.6,17
Quez Watkins,PHI,1,5,1,6,0,0,0,0,0.6,0.6,17
Mecole Hardman,KC,1,2,2,25,0,0,0,0,0.5,0.5,17
David Moore,SEA,1,1,1,5,0,0,0,0,0.5,0.5,17
Cedrick Wilson,DAL,1,1,1,3,0,0,0,0,0.3,0.3,17
John Hightower,PHI,1,2,0,0,0,1,1,0,0.1,0.1,17
Ashton Dulin,IND,1,1,0,0,0,0,0,0,0.0,0.0,17
A.J. Green,CIN,1,6,0,0,0,0,0,0,0.0,0.0,17
Jalen Guyton,LAC,1,4,0,0,0,0,0,0,0.0,0.0,17
Tee Higgins,CIN,1,1,0,0,0,0,0,0,0.0,0.0,17
Vyncint Smith,NYJ,1,2,0,0,0,0,0,0,0.0,0.0,17
Equanimeous St. Brown,GB,1,1,0,0,0,0,0,0,0.0,0.0,17
Freddie Swain,SEA,1,1,0,0,0,0,0,0,0.0,0.0,17
James Washington,PIT,1,2,0,0,0,0,0,0,0.0,0.0,17
Nick Westbrook-Ikhine,TEN,1,1,0,0,0,0,0,0,0.0,0.0,17
Javon Wims,CHI,1,2,0,0,0,0,0,0,0.0,0.0,17
Tommylee Lewis,NO,1,0,0,0,0,1,-2,0,-0.2,-0.2,17
Ray-Ray McCloud,PIT,1,2,2,-3,0,0,0,0,-0.3,-0.3,17
Tavon Austin,GB,1,1,1,7,0,0,0,0,-1.3,-1.3,17
Mack Hollins,MIA,1,1,1,3,0,0,0,0,-1.7,-1.7,17
Jamal Agnew,DET,1,0,0,0,0,0,0,0,-2.0,-2.0,17
